Price,SuperBuild,BHK,Total_Sq_Ft,Floor
₹ 45.2 Lac,₹ 4000,"
3 BHK Apartment
",1130 sqft,New Property
₹ 48.5 Lac,₹ 3849,"
3 BHK Apartment
",1260 sqft,New Property
₹ 63.4 Lac,₹ 4600,"
3 BHK Apartment
",1379 sqft,New Property
₹ 79.2 Lac,₹ 5189,"
3 BHK Apartment
",1526 sqft,New Property
₹ 83.4 Lac,₹ 8050,"
3 BHK Apartment
",1036 sqft,New Property
₹ 21.3 Lac,₹ 2995,"
2 BHK Apartment
",710 sqft,New Property
₹ 56.6 Lac,₹ 4000,"
3 BHK Apartment
",1415 sqft,New Property
₹ 40.2 Lac,₹ 4600,"
2 BHK Apartment
",873 sqft,New Property
₹ 28.3 Lac,₹ 2750,"
3 BHK Apartment
",1029 sqft,New Property
₹ 68.4 Lac,₹ 5160,"
3 BHK Apartment
",1326 sqft,New Property
₹ 21.2 Lac,₹ 2582,"
2 BHK Apartment
",821 sqft,New Property
₹ 27.5 Lac,₹ 3050,"
2 BHK Apartment
",900 sqft,New Property
₹ 20.4 Lac,₹ 3535,"
1 BHK Apartment
",578 sqft,1 out of 3 floors
₹ 57 Lac,₹ 5089,"
2 BHK Apartment
",1120 sqft,4 out of 4 floors
₹ 41.6 Lac,₹ 4250,"
2 BHK Apartment
",978 sqft,4 out of 10 floors
₹ 67.2 Lac,0,"
3 BHK Apartment
",815 sqft,2 out of 13 floors
₹ 77.6 Lac,₹ 6026,"
3 BHK Apartment
",1287 sqft,New Property
₹ 27.8 Lac,₹ 3000,"
2 BHK Apartment
",927 sqft,4 out of 4 floors
₹ 36.2 Lac,₹ 3811,"
2 BHK Apartment
",950 sqft,New Property
₹ 46.3 Lac,₹ 5990,"
2 BHK Apartment
",773 sqft,2 out of 5 floors
₹ 45.5 Lac,₹ 3100,"
3 BHK Apartment
",1271 sqft,New Property
₹ 42 Lac,₹ 4000,"
2 BHK Apartment
",1051 sqft,New Property
₹ 80.6 Lac,₹ 4799,"
4 BHK Apartment
",1680 sqft,11 out of 11 floors
₹ 24.8 Lac,₹ 3100,"
2 BHK Apartment
",799 sqft,New Property
₹ 32.7 Lac,₹ 3600,"
2 BHK Apartment
",909 sqft,4 out of 4 floors
₹ 24.4 Lac,0,"
1 BHK Apartment
",414 sqft,New Property
₹ 72.8 Lac,₹ 4000,"
3 BHK Apartment
",1820 sqft,New Property
₹ 55 Lac,₹ 3729,"
3 BHK Apartment
",1475 sqft,3 out of 4 floors
₹ 26.4 Lac,₹ 3200,"
2 BHK Apartment
",825 sqft,New Property
₹ 33.6 Lac,₹ 3600,"
2 BHK Apartment
",933 sqft,New Property
₹ 87.4 Lac,0,"
3 BHK Apartment
",896 sqft,8 out of 13 floors
₹ 70 Lac,₹ 5384,"
3 BHK Apartment
",1300 sqft,4 out of 6 floors
₹ 24.9 Lac,₹ 3156,"
2 BHK Builder Floor
",790 sqft,Resale
₹ 24.6 Lac,₹ 4100,"
2 BHK Builder Floor
",600 sqft,Resale
₹ 59.3 Lac,0,"
3 BHK Apartment
",729 sqft,7 out of 12 floors
₹ 72.7 Lac,0,"
3 BHK Apartment
",740 sqft,10 out of 17 floors
₹ 26.2 Lac,₹ 3100,"
2 BHK Apartment
",845 sqft,1 out of 4 floors
₹ 90 Lac,₹ 5294,"
3 BHK Apartment
",1700 sqft,1 out of 5 floors
₹ 70 Lac,0,"
2 BHK Apartment
",863 sqft,12 out of 13 floors
₹ 34 Lac,0,"
2 BHK Apartment
",598 sqft,8 out of 14 floors
₹ 50.6 Lac,₹ 6283,"
2 BHK Apartment
",805 sqft,10 out of 12 floors
₹ 42 Lac,0,"
2 BHK Apartment
",637 sqft,10 out of 15 floors
₹ 65 Lac,₹ 5158,"
3 BHK Apartment
",1260 sqft,12 out of 12 floors
₹ 33.8 Lac,₹ 3600,"
2 BHK Apartment
",940 sqft,11 out of 15 floors
₹ 39 Lac,0,"
3 BHK Apartment
",735 sqft,5 out of 12 floors
₹ 66.2 Lac,₹ 4600,"
3 BHK Apartment
",1440 sqft,1 out of 4 floors
₹ 70 Lac,0,"
2 BHK Apartment
",662 sqft,11 out of 20 floors
₹ 42.5 Lac,₹ 3573,"
3 BHK Apartment
",1189 sqft,8 out of 11 floors
₹ 82.7 Lac,0,"
3 BHK Builder Floor
",21159 sqm,9 out of 20 floors
₹ 18.1 Lac,0,"
2 BHK Apartment
",369 sqft,5 out of 13 floors
₹ 65 Lac,₹ 5603,"
2 BHK Apartment
",1160 sqft,Resale
₹ 81 Lac,₹ 6183,"
3 BHK Apartment
",1310 sqft,11 out of 13 floors
₹ 31.2 Lac,₹ 2750,"
3 BHK Apartment
",1133 sqft,4 out of 4 floors
₹ 74.6 Lac,0,"
3 BHK Apartment
",951 sqft,5 out of 10 floors
₹ 67.9 Lac,0,"
3 BHK Apartment
",950 sqft,6 out of 12 floors
₹ 45.5 Lac,₹ 4892,"
2 BHK Apartment
",930 sqft,New Property
₹ 52.3 Lac,0,"
2 BHK Apartment
",663 sqft,New Property
₹ 54.6 Lac,0,"
3 BHK Apartment
",905 sqft,New Property
₹ 71.8 Lac,₹ 8277,"
2 BHK Apartment
",867 sqft,New Property
₹ 35.1 Lac,0,"
2 BHK Apartment
",965 sqft,10 out of 12 floors
₹ 22.6 Lac,0,"
3 BHK Apartment
",735 sqft,4 out of 4 floors
₹ 86.1 Lac,₹ 5555,"
3 BHK Apartment
",1550 sqft,4 out of 12 floors
₹ 70 Lac,₹ 5166,"
3 BHK Apartment
",1355 sqft,9 out of 10 floors
₹ 35 Lac,₹ 3933,"
2 BHK Apartment
",890 sqft,7 out of 15 floors
₹ 18.1 Lac,0,"
2 BHK Apartment
",524 sqft,3 out of 5 floors
₹ 20.5 Lac,0,"
2 BHK Apartment
",410 sqft,2 out of 5 floors
₹ 65.6 Lac,₹ 4196,"
3 BHK Apartment
",1562 sqft,1 out of 4 floors
₹ 29 Lac,₹ 3103,"
2 BHK Apartment
",935 sqft,2 out of 8 floors
₹ 36.8 Lac,₹ 4464,"
2 BHK Apartment
",825 sqft,2 out of 3 floors
₹ 60.5 Lac,₹ 6880,"
2 BHK Apartment
",880 sqft,3 out of 18 floors
₹ 62 Lac,0,"
3 BHK Apartment
",904 sqft,2 out of 13 floors
₹ 81.4 Lac,₹ 5600,"
3 BHK Apartment
",1454 sqft,New Property
₹ 62.4 Lac,0,"
3 BHK Apartment
",792 sqft,10 out of 13 floors
₹ 41.6 Lac,₹ 4674,"
2 BHK Apartment
",891 sqft,6 out of 14 floors
₹ 40.7 Lac,₹ 3500,"
3 BHK Apartment
",1163 sqft,3 out of 4 floors
₹ 78 Lac,₹ 5567,"
3 BHK Apartment
",1401 sqft,2 out of 30 floors
₹ 47.5 Lac,₹ 3274,"
3 BHK Apartment
",1451 sqft,2
₹ 85.2 Lac,₹ 5996,"
3 BHK Apartment
",1421 sqft,New Property
₹ 72.1 Lac,0,"
3 BHK Apartment
",872 sqft,6 out of 11 floors
₹ 29.7 Lac,₹ 3450,"
2 BHK Apartment
",860 sqft,New Property
₹ 21.4 Lac,₹ 2650,"
2 BHK Apartment
",807 sqft,2 out of 4 floors
₹ 34.5 Lac,₹ 2816,"
3 BHK Apartment
",1225 sqft,New Property
₹ 45 Lac,₹ 4712,"
2 BHK Apartment
",954 sqft,New Property
₹ 17.1 Lac,₹ 2450,"
2 BHK Apartment
",698 sqft,1 out of 4 floors
₹ 46.9 Lac,0,"
2 BHK Apartment
",627 sqft,2 out of 11 floors
₹ 45.7 Lac,0,"
2 BHK Apartment
",587 sqft,5 out of 12 floors
₹ 47 Lac,₹ 4781,"
2 BHK Apartment
",983 sqft,9 out of 10 floors
₹ 56 Lac,0,"
2 BHK Apartment
",900 sqft,6 out of 19 floors
₹ 84 Lac,0,"
3 BHK Apartment
",896 sqft,5 out of 12 floors
₹ 41.7 Lac,0,"
2 BHK Apartment
",548 sqft,2 out of 12 floors
₹ 23.8 Lac,0,"
2 BHK Apartment
",634 sqft,3 out of 4 floors
₹ 28.9 Lac,₹ 3152,"
2 BHK Apartment
",917 sqft,7 out of 10 floors
₹ 60 Lac,₹ 3965,"
3 BHK Apartment
",1513 sqft,1 out of 2 floors
₹ 48 Lac,₹ 4363,"
2 BHK Apartment
",1100 sqft,3 out of 4 floors
₹ 48.7 Lac,₹ 5299,"
2 BHK Apartment
",919 sqft,8 out of 20 floors
₹ 64 Lac,0,"
3 BHK Apartment
",880 sqft,9 out of 10 floors
₹ 47.5 Lac,₹ 4000,"
3 BHK Apartment
",1188 sqft,2 out of 3 floors
₹ 40.5 Lac,₹ 4250,"
2 BHK Apartment
",952 sqft,New Property
₹ 45.3 Lac,₹ 4194,"
2 BHK Apartment
",1080 sqft,New Property
₹ 27.6 Lac,0,"
2 BHK Apartment
",533 sqft,3 out of 4 floors
₹ 59.6 Lac,₹ 4783,"
3 BHK Apartment
",1246 sqft,3 out of 10 floors
₹ 89 Lac,0,"
3 BHK Apartment
",973 sqft,8 out of 12 floors
₹ 45.7 Lac,₹ 3700,"
2 BHK Apartment
",1236 sqft,5 out of 6 floors
₹ 16.6 Lac,₹ 3850,"
1 BHK Apartment
",430 sqft,2 out of 6 floors
₹ 70.5 Lac,₹ 7500,"
2 BHK Apartment
",940 sqft,Unfurnished
₹ 32.2 Lac,₹ 2800,"
3 BHK Apartment
",1150 sqft,New Property
₹ 37.3 Lac,₹ 4212,"
2 BHK Apartment
",886 sqft,New Property
₹ 30.6 Lac,₹ 3650,"
2 BHK Apartment
",839 sqft,New Property
₹ 56.6 Lac,0,"
3 BHK Apartment
",712 sqft,New Property
₹ 23.4 Lac,0,"
2 BHK Apartment
",600 sqft,4 out of 4 floors
₹ 56 Lac,₹ 5634,"
2 BHK Apartment
",994 sqft,4 out of 4 floors
₹ 82.6 Lac,0,"
3 BHK Apartment
",1035 sqft,New Property
₹ 33.6 Lac,0,"
2 BHK Apartment
",650 sqft,3 out of 3 floors
₹ 23 Lac,₹ 2555,"
2 BHK Apartment
",900 sqft,Ground out of 4 floors
₹ 84 Lac,₹ 6335,"
3 BHK Apartment
",1326 sqft,4 out of 4 floors
₹ 74 Lac,0,"
3 BHK Apartment
",1300 sqft,11 out of 17 floors
₹ 90 Lac,₹ 7143,"
2 BHK Apartment
",1260 sqft,6 out of 12 floors
₹ 90 Lac,0,"
2 BHK Apartment
",937 sqft,8 out of 14 floors
₹ 75 Lac,0,"
3 BHK Apartment
",1099 sqft,2 out of 4 floors
₹ 15 Lac,0,"
1 BHK Apartment
",350 sqft,2 out of 4 floors
₹ 84 Lac,0,"
3 BHK Apartment
",1100 sqft,12 out of 13 floors
₹ 65 Lac,0,"
3 BHK Apartment
",1337 sqft,6 out of 7 floors
₹ 60 Lac,0,"
3 BHK Builder Floor
",1020 sqft,3 out of 3 floors
₹ 32.4 Lac,0,"
2 BHK Apartment
",730 sqft,4 out of 4 floors
₹ 55 Lac,0,"
2 BHK Builder Floor
",800 sqft,4 out of 4 floors
₹ 32 Lac,0,"
2 BHK Apartment
",690 sqft,1 out of 4 floors
₹ 52 Lac,₹ 3714,"
2 BHK Apartment
",1400 sqft,3 out of 3 floors
₹ 46 Lac,₹ 4816,"
3 BHK Apartment
",955 sqft,3 out of 3 floors
₹ 45 Lac,₹ 4091,"
3 BHK Apartment
",1100 sqft,1 out of 3 floors
₹ 42 Lac,0,"
2 BHK Apartment
",780 sqft,2 out of 4 floors
₹ 25 Lac,0,"
1 BHK Apartment
",614 sqft,1 out of 4 floors
₹ 55 Lac,0,"
3 BHK Apartment
",1200 sqft,11 out of 14 floors
₹ 38 Lac,0,"
2 BHK Apartment
",797 sqft,2 out of 5 floors
₹ 43 Lac,₹ 3386,"
3 BHK Apartment
",1270 sqft,1 out of 5 floors
₹ 31.8 Lac,0,"
3 BHK Apartment
",892 sqft,2 out of 2 floors
₹ 38 Lac,0,"
3 BHK Apartment
",883 sqft,1 out of 4 floors
₹ 27 Lac,0,"
2 BHK Apartment
",800 sqft,Ground out of 3 floors
₹ 40 Lac,0,"
2 BHK Apartment
",548 sqft,1 out of 15 floors
₹ 35 Lac,0,"
2 BHK Apartment
",781 sqft,2 out of 5 floors
₹ 70 Lac,0,"
3 BHK Apartment
",900 sqft,3 out of 3 floors
₹ 26 Lac,₹ 3514,"
2 BHK Apartment
",740 sqft,1 out of 4 floors
₹ 33.2 Lac,₹ 3700,"
2 BHK Apartment
",896 sqft,2 out of 4 floors
₹ 38 Lac,₹ 4056,"
2 BHK Apartment
",937 sqft,3 out of 4 floors
₹ 38 Lac,0,"
2 BHK Apartment
",536 sqft,3 out of 4 floors
₹ 48 Lac,0,"
4 BHK Builder Floor
",1071 sqft,4 out of 4 floors
₹ 90 Lac,0,"
3 BHK Apartment
",1174 sqft,9 out of 9 floors
₹ 69 Lac,₹ 5450,"
3 BHK Apartment
",1266 sqft,11 out of 11 floors
₹ 35 Lac,0,"
2 BHK Apartment
",820 sqft,3 out of 4 floors
₹ 42.5 Lac,₹ 5519,"
2 BHK Apartment
",770 sqft,1 out of 4 floors
₹ 55 Lac,0,"
3 BHK Apartment
",954 sqft,4 out of 5 floors
₹ 55 Lac,0,"
3 BHK Apartment
",1089 sqft,3 out of 4 floors
₹ 28 Lac,0,"
2 BHK Apartment
",629 sqft,3 out of 3 floors
₹ 29.5 Lac,0,"
2 BHK Apartment
",636 sqft,4 out of 4 floors
₹ 27 Lac,0,"
2 BHK Apartment
",830 sqft,1 out of 3 floors
₹ 65 Lac,0,"
3 BHK Apartment
",1040 sqft,4 out of 5 floors
₹ 33 Lac,0,"
2 BHK Apartment
",681 sqft,1 out of 3 floors
₹ 41.1 Lac,0,"
3 BHK Apartment
",900 sqft,2 out of 5 floors
₹ 90 Lac,₹ 6844,"
2 BHK Apartment
",1315 sqft,1 out of 6 floors
₹ 50 Lac,0,"
2 BHK Apartment
",900 sqft,2 out of 5 floors
₹ 55 Lac,₹ 5528,"
2 BHK Apartment
",995 sqft,14 out of 20 floors
₹ 25 Lac,₹ 2880,"
2 BHK Apartment
",868 sqft,4 out of 4 floors
₹ 20 Lac,₹ 3225,"
2 BHK Apartment
",620 sqft,2 out of 4 floors
₹ 30 Lac,0,"
2 BHK Apartment
",884 sqft,2 out of 5 floors
₹ 45 Lac,0,"
2 BHK Apartment
",817 sqft,1 out of 4 floors
₹ 75 Lac,₹ 6163,"
3 BHK Apartment
",1217 sqft,1 out of 5 floors
₹ 28.6 Lac,0,"
3 BHK Apartment
",750 sqft,4 out of 4 floors
₹ 22 Lac,₹ 3034,"
2 BHK Apartment
",725 sqft,1 out of 4 floors
₹ 40 Lac,0,"
2 BHK Apartment
",720 sqft,3 out of 3 floors
₹ 25 Lac,0,"
2 BHK Apartment
",500 sqft,1 out of 3 floors
₹ 45 Lac,₹ 4314,"
2 BHK Apartment
",1043 sqft,2 out of 2 floors
₹ 67 Lac,₹ 4573,"
3 BHK Apartment
",1465 sqft,1 out of 13 floors
₹ 25 Lac,₹ 3463,"
2 BHK Apartment
",722 sqft,3 out of 4 floors
₹ 70 Lac,₹ 3333,"
4 BHK Apartment
",2100 sqft,3 out of 3 floors
₹ 50 Lac,0,"
3 BHK Apartment
",1120 sqft,4 out of 4 floors
₹ 30.5 Lac,0,"
2 BHK Apartment
",653 sqft,3 out of 3 floors
₹ 23.1 Lac,₹ 3000,"
2 BHK Apartment
",769 sqft,1 out of 3 floors
₹ 45 Lac,0,"
3 BHK Apartment
",1000 sqft,2 out of 3 floors
₹ 90 Lac,0,"
2 BHK Apartment
",800 sqft,1 out of 4 floors
₹ 16 Lac,0,"
2 BHK Apartment
",555 sqft,2 out of 3 floors
₹ 27 Lac,₹ 3792,"
2 BHK Apartment
",712 sqft,4 out of 14 floors
₹ 63.9 Lac,₹ 4338,"
3 BHK Apartment
",1472 sqft,3 out of 5 floors
₹ 35 Lac,₹ 4916,"
2 BHK Apartment
",712 sqft,6 out of 14 floors
₹ 63 Lac,₹ 5806,"
2 BHK Apartment
",1085 sqft,18 out of 25 floors
₹ 25 Lac,0,"
2 BHK Apartment
",720 sqft,2 out of 4 floors
₹ 65 Lac,0,"
3 BHK Apartment
",1080 sqft,2 out of 7 floors
₹ 26 Lac,0,"
2 BHK Apartment
",640 sqft,2 out of 5 floors
₹ 75 Lac,0,"
3 BHK Apartment
",965 sqft,14 out of 25 floors
₹ 82.3 Lac,0,"
3 BHK Apartment
",1150 sqft,1 out of 4 floors
₹ 42 Lac,0,"
3 BHK Apartment
",900 sqft,5 out of 12 floors
₹ 50 Lac,0,"
3 BHK Apartment
",875 sqft,6 out of 7 floors
₹ 28 Lac,₹ 3947,"
2 BHK Apartment
",760 sqft,1 out of 3 floors
₹ 55 Lac,0,"
3 BHK Apartment
",1045 sqft,1 out of 4 floors
₹ 45 Lac,0,"
2 BHK Apartment
",875 sqft,4 out of 4 floors
₹ 65 Lac,0,"
3 BHK Apartment
",1050 sqft,2 out of 15 floors
₹ 50 Lac,0,"
3 BHK Apartment
",856 sqft,Ground out of 4 floors
₹ 31 Lac,0,"
2 BHK Apartment
",675 sqft,1 out of 5 floors
₹ 31 Lac,0,"
2 BHK Builder Floor
",570 sqft,1 out of 3 floors
₹ 55 Lac,0,"
2 BHK Apartment
",850 sqft,9 out of 10 floors
₹ 56 Lac,0,"
2 BHK Apartment
",650 sqft,4 out of 16 floors
₹ 33 Lac,0,"
3 BHK Apartment
",900 sqft,2 out of 4 floors
₹ 45.5 Lac,0,"
3 BHK Apartment
",774 sqft,2 out of 3 floors
₹ 38.5 Lac,0,"
2 BHK Apartment
",736 sqft,1 out of 4 floors
₹ 51 Lac,0,"
3 BHK Apartment
",1136 sqft,4 out of 4 floors
₹ 27 Lac,0,"
2 BHK Apartment
",660 sqft,2 out of 3 floors
₹ 38 Lac,0,"
2 BHK Builder Floor
",600 sqft,Ground out of 3 floors
₹ 65 Lac,0,"
3 BHK Apartment
",1025 sqft,1 out of 4 floors
₹ 82.5 Lac,₹ 5868,"
3 BHK Apartment
",1406 sqft,7 out of 7 floors
₹ 47 Lac,₹ 4766,"
2 BHK Apartment
",986 sqft,2 out of 4 floors
₹ 90 Lac,0,"
3 BHK Apartment
",1148 sqft,2 out of 4 floors
₹ 19.5 Lac,0,"
2 BHK Apartment
",800 sqft,3 out of 4 floors
₹ 55 Lac,0,"
2 BHK Apartment
",980 sqft,3 out of 3 floors
₹ 85 Lac,0,"
1 BHK Apartment
",690 sqft,3 out of 9 floors
₹ 55 Lac,0,"
2 BHK Apartment
",850 sqft,4 out of 4 floors
₹ 16 Lac,0,"
2 BHK Apartment
",500 sqft,2 out of 4 floors
₹ 34 Lac,0,"
3 BHK Apartment
",810 sqft,Ground out of 2 floors
₹ 30 Lac,0,"
2 BHK Apartment
",850 sqft,2 out of 4 floors
₹ 32 Lac,₹ 3556,"
2 BHK Apartment
",900 sqft,2 out of 5 floors
₹ 60 Lac,0,"
4 BHK Apartment
",1300 sqft,2 out of 3 floors
₹ 39 Lac,0,"
3 BHK Apartment
",950 sqft,4 out of 4 floors
₹ 45 Lac,₹ 5461,"
2 BHK Apartment
",824 sqft,3 out of 4 floors
₹ 46 Lac,0,"
3 BHK Apartment
",1040 sqft,1 out of 4 floors
₹ 16.5 Lac,0,"
2 BHK Apartment
",452 sqft,2 out of 5 floors
₹ 86 Lac,0,"
3 BHK Apartment
",1370 sqft,3 out of 4 floors
₹ 50 Lac,₹ 4071,"
3 BHK Apartment
",1228 sqft,3 out of 11 floors
₹ 79 Lac,0,"
3 BHK Apartment
",1011 sqft,9 out of 19 floors
₹ 22 Lac,0,"
2 BHK Apartment
",850 sqft,4 out of 5 floors
₹ 28 Lac,0,"
2 BHK Apartment
",650 sqft,3 out of 4 floors
₹ 24 Lac,0,"
2 BHK Apartment
",550 sqft,3 out of 6 floors
₹ 34 Lac,0,"
2 BHK Apartment
",700 sqft,Ground out of 3 floors
₹ 76 Lac,0,"
3 BHK Apartment
",1340 sqft,1 out of 5 floors
₹ 85 Lac,₹ 2429,"
2 BHK Apartment
",3500 sqft,4 out of 4 floors
₹ 33 Lac,0,"
3 BHK Apartment
",1050 sqft,3 out of 4 floors
₹ 27 Lac,₹ 2842,"
3 BHK Apartment
",950 sqft,2 out of 3 floors
₹ 58.5 Lac,₹ 5367,"
2 BHK Apartment
",1090 sqft,8 out of 25 floors
₹ 50 Lac,₹ 5000,"
2 BHK Apartment
",1000 sqft,4 out of 4 floors
₹ 55 Lac,₹ 4231,"
2 BHK Apartment
",1300 sqft,1 out of 2 floors
₹ 55 Lac,0,"
2 BHK Apartment
",1063 sqft,7 out of 12 floors
₹ 24.5 Lac,₹ 3028,"
2 BHK Apartment
",809 sqft,3 out of 5 floors
₹ 35 Lac,0,"
2 BHK Apartment
",775 sqft,3 out of 3 floors
₹ 24 Lac,0,"
2 BHK Apartment
",670 sqft,2 out of 4 floors
₹ 24 Lac,0,"
1 BHK Apartment
",450 sqft,Ground out of 5 floors
₹ 57 Lac,₹ 6884,"
3 BHK Apartment
",828 sqft,1 out of 12 floors
₹ 23 Lac,₹ 2904,"
2 BHK Apartment
",792 sqft,2 out of 4 floors
₹ 34 Lac,0,"
2 BHK Builder Floor
",650 sqft,1 out of 3 floors
₹ 38 Lac,₹ 4368,"
2 BHK Apartment
",870 sqft,2 out of 4 floors
₹ 35 Lac,0,"
1 BHK Apartment
",550 sqft,2 out of 4 floors
₹ 29 Lac,₹ 4335,"
2 BHK Apartment
",669 sqft,4 out of 5 floors
₹ 50 Lac,0,"
3 BHK Apartment
",950 sqft,3 out of 5 floors
₹ 51 Lac,0,"
2 BHK Apartment
",640 sqft,7 out of 12 floors
₹ 49 Lac,₹ 4711,"
2 BHK Apartment
",1040 sqft,6 out of 12 floors
₹ 58 Lac,0,"
3 BHK Apartment
",900 sqft,3 out of 3 floors
₹ 45 Lac,0,"
2 BHK Apartment
",600 sqft,2 out of 4 floors
₹ 68 Lac,0,"
3 BHK Apartment
",1000 sqft,1 out of 5 floors
₹ 40 Lac,0,"
2 BHK Apartment
",850 sqft,3 out of 4 floors
₹ 47 Lac,0,"
2 BHK Apartment
",782 sqft,1 out of 4 floors
₹ 51 Lac,₹ 6929,"
2 BHK Apartment
",736 sqft,4 out of 25 floors
₹ 28 Lac,0,"
3 BHK Apartment
",950 sqft,3 out of 4 floors
₹ 18 Lac,₹ 4206,"
1 BHK Apartment
",428 sqft,Ground out of 5 floors
₹ 52 Lac,0,"
3 BHK Apartment
",1094 sqft,1 out of 4 floors
₹ 85 Lac,₹ 5152,"
3 BHK Builder Floor
",1650 sqft,1 out of 5 floors
₹ 88 Lac,0,"
3 BHK Apartment
",1050 sqft,1 out of 5 floors
₹ 20 Lac,₹ 4057,"
1 BHK Apartment
",493 sqft,3 out of 4 floors
₹ 35 Lac,0,"
2 BHK Apartment
",780 sqft,2 out of 9 floors
₹ 33 Lac,0,"
2 BHK Apartment
",606 sqft,11 out of 14 floors
₹ 36 Lac,0,"
2 BHK Apartment
",563 sqft,2 out of 3 floors
₹ 35 Lac,₹ 4516,"
2 BHK Apartment
",775 sqft,3 out of 3 floors
₹ 38.3 Lac,0,"
3 BHK Apartment
",900 sqft,7 out of 14 floors
₹ 56 Lac,0,"
2 BHK Apartment
",1075 sqft,6 out of 19 floors
₹ 53 Lac,0,"
3 BHK Builder Floor
",939 sqft,2 out of 6 floors
₹ 65 Lac,0,"
5 BHK Builder Floor
",1900 sqft,3 out of 3 floors
₹ 46 Lac,0,"
4 BHK Apartment
",1200 sqft,4 out of 5 floors
₹ 44 Lac,0,"
2 BHK Apartment
",700 sqft,3 out of 18 floors
₹ 24 Lac,0,"
2 BHK Apartment
",606 sqft,4 out of 4 floors
₹ 36 Lac,0,"
2 BHK Apartment
",680 sqft,3 out of 6 floors
₹ 60 Lac,0,"
3 BHK Apartment
",950 sqft,3 out of 3 floors
₹ 28 Lac,0,"
1 BHK Apartment
",425 sqft,1 out of 3 floors
₹ 76 Lac,₹ 5568,"
3 BHK Apartment
",1365 sqft,2 out of 13 floors
₹ 30 Lac,₹ 3704,"
2 BHK Apartment
",810 sqft,Ground out of 3 floors
₹ 35 Lac,₹ 3318,"
3 BHK Apartment
",1055 sqft,2 out of 4 floors
₹ 28 Lac,0,"
2 BHK Apartment
",712 sqft,1 out of 14 floors
₹ 63.5 Lac,₹ 5826,"
2 BHK Apartment
",1090 sqft,Resale
₹ 45.9 Lac,₹ 4047,"
3 BHK Apartment
",1134 sqft,3 out of 5 floors
₹ 20.5 Lac,0,"
2 BHK Apartment
",750 sqft,3 out of 3 floors
₹ 43 Lac,0,"
3 BHK Apartment
",1096 sqft,2 out of 4 floors
₹ 30 Lac,0,"
2 BHK Apartment
",670 sqft,3 out of 3 floors
₹ 44.5 Lac,0,"
3 BHK Apartment
",680 sqft,3 out of 14 floors
₹ 55 Lac,0,"
2 BHK Apartment
",1100 sqft,4 out of 11 floors
₹ 35 Lac,0,"
2 BHK Apartment
",568 sqft,Ground out of 3 floors
₹ 30 Lac,₹ 3315,"
2 BHK Apartment
",905 sqft,3 out of 4 floors
₹ 58 Lac,0,"
3 BHK Apartment
",886 sqft,1 out of 4 floors
₹ 36.5 Lac,0,"
2 BHK Builder Floor
",723 sqft,2 out of 3 floors
₹ 38 Lac,0,"
2 BHK Apartment
",720 sqft,2 out of 3 floors
₹ 70 Lac,0,"
2 BHK Apartment
",810 sqft,2 out of 10 floors
₹ 29.8 Lac,0,"
2 BHK Apartment
",850 sqft,4 out of 4 floors
₹ 45 Lac,0,"
2 BHK Apartment
",660 sqft,2 out of 7 floors
₹ 55 Lac,0,"
3 BHK Apartment
",880 sqft,1 out of 4 floors
₹ 70 Lac,0,"
3 BHK Apartment
",771 sqft,Ground out of 4 floors
₹ 85 Lac,0,"
5 BHK Apartment
",1800 sqft,4 out of 4 floors
₹ 65 Lac,0,"
3 BHK Apartment
",1260 sqft,4 out of 4 floors
₹ 37 Lac,0,"
2 BHK Builder Floor
",580 sqft,2 out of 3 floors
₹ 35 Lac,₹ 2832,"
3 BHK Apartment
",1236 sqft,7 out of 15 floors
₹ 35 Lac,0,"
2 BHK Apartment
",789 sqft,2 out of 4 floors
₹ 48 Lac,0,"
2 BHK Builder Floor
",854 sqft,3 out of 4 floors
₹ 70 Lac,0,"
3 BHK Apartment
",976 sqft,3 out of 3 floors
₹ 57 Lac,0,"
2 BHK Apartment
",1088 sqft,3 out of 4 floors
₹ 61 Lac,0,"
2 BHK Apartment
",900 sqft,2 out of 4 floors
₹ 58 Lac,0,"
3 BHK Apartment
",1198 sqft,1 out of 5 floors
₹ 67 Lac,0,"
5 BHK Builder Floor
",1300 sqft,4 out of 4 floors
₹ 35 Lac,₹ 3256,"
3 BHK Apartment
",1075 sqft,1 out of 4 floors
₹ 27 Lac,0,"
2 BHK Apartment
",740 sqft,Ground out of 5 floors
₹ 40 Lac,₹ 3174,"
3 BHK Apartment
",1260 sqft,3 out of 4 floors
₹ 77.5 Lac,0,"
3 BHK Apartment
",945 sqft,3 out of 4 floors
₹ 45 Lac,0,"
3 BHK Apartment
",1200 sqm,3 out of 3 floors
₹ 52 Lac,₹ 5439,"
2 BHK Apartment
",956 sqft,1 out of 6 floors
₹ 42 Lac,₹ 2847,"
3 BHK Apartment
",1475 sqft,1 out of 4 floors
₹ 75 Lac,₹ 5859,"
3 BHK Apartment
",1280 sqft,1 out of 8 floors
₹ 79 Lac,₹ 5467,"
3 BHK Apartment
",1445 sqft,3 out of 6 floors
₹ 85 Lac,0,"
3 BHK Apartment
",1300 sqft,9 out of 26 floors
₹ 52 Lac,0,"
2 BHK Apartment
",824 sqft,3 out of 14 floors
₹ 65 Lac,0,"
2 BHK Apartment
",911 sqft,9 out of 11 floors
₹ 48.3 Lac,0,"
3 BHK Apartment
",1000 sqft,8 out of 11 floors
₹ 35 Lac,0,"
2 BHK Apartment
",695 sqft,3 out of 4 floors
₹ 28 Lac,0,"
2 BHK Apartment
",605 sqft,1 out of 4 floors
₹ 30 Lac,0,"
2 BHK Apartment
",850 sqft,4 out of 4 floors
₹ 66 Lac,0,"
3 BHK Apartment
",1183 sqft,6 out of 6 floors
₹ 32 Lac,₹ 4000,"
2 BHK Apartment
",800 sqft,3 out of 4 floors
₹ 70 Lac,0,"
2 BHK Apartment
",1000 sqft,4 out of 7 floors
₹ 83 Lac,₹ 6148,"
3 BHK Apartment
",1456 sqft,10 out of 19 floors
₹ 52 Lac,₹ 5902,"
2 BHK Apartment
",881 sqft,Lower Basement out of 3 floors
₹ 40 Lac,0,"
2 BHK Apartment
",492 sqft,11 out of 13 floors
₹ 65 Lac,₹ 5856,"
2 BHK Apartment
",1110 sqft,1 out of 20 floors
₹ 40 Lac,0,"
2 BHK Apartment
",550 sqft,3 out of 3 floors
₹ 40 Lac,0,"
3 BHK Apartment
",1056 sqft,3 out of 4 floors
₹ 60 Lac,₹ 4286,"
3 BHK Apartment
",1400 sqft,2 out of 5 floors
₹ 60 Lac,₹ 4975,"
3 BHK Apartment
",1206 sqft,3 out of 4 floors
₹ 50 Lac,₹ 4545,"
2 BHK Apartment
",1100 sqft,1 out of 6 floors
₹ 38.5 Lac,0,"
2 BHK Apartment
",864 sqft,3 out of 3 floors
₹ 25 Lac,0,"
2 BHK Apartment
",620 sqft,2 out of 4 floors
₹ 75 Lac,₹ 4886,"
3 BHK Apartment
",1535 sqft,14 out of 16 floors
₹ 39 Lac,₹ 5744,"
2 BHK Apartment
",679 sqft,Resale
₹ 45 Lac,0,"
2 BHK Apartment
",1500 sqft,Ground out of 3 floors
₹ 27.5 Lac,₹ 2544,"
3 BHK Apartment
",1081 sqft,4 out of 4 floors
₹ 34 Lac,₹ 3363,"
2 BHK Apartment
",1011 sqft,1 out of 4 floors
₹ 90 Lac,₹ 5714,"
3 BHK Apartment
",1575 sqft,1 out of 4 floors
₹ 90 Lac,0,"
3 BHK Apartment
",1560 sqft,3 out of 5 floors
₹ 42 Lac,₹ 3398,"
3 BHK Apartment
",1236 sqft,4 out of 16 floors
₹ 45 Lac,₹ 4285,"
3 BHK Apartment
",1050 sqft,3 out of 10 floors
₹ 26 Lac,₹ 3084,"
2 BHK Apartment
",843 sqft,1 out of 4 floors
₹ 52 Lac,0,"
3 BHK Apartment
",900 sqft,1 out of 14 floors
₹ 35 Lac,0,"
2 BHK Apartment
",656 sqft,4 out of 5 floors
₹ 80 Lac,₹ 6488,"
3 BHK Apartment
",1233 sqft,1 out of 5 floors
₹ 31.3 Lac,0,"
3 BHK Apartment
",936 sqft,3 out of 4 floors
₹ 40 Lac,₹ 3106,"
3 BHK Apartment
",1288 sqft,Ground out of 5 floors
₹ 30 Lac,₹ 4478,"
2 BHK Apartment
",670 sqft,1 out of 3 floors
₹ 45 Lac,0,"
2 BHK Apartment
",665 sqft,3 out of 3 floors
₹ 35 Lac,0,"
2 BHK Builder Floor
",800 sqft,1 out of 4 floors
₹ 80 Lac,₹ 5000,"
3 BHK Apartment
",1600 sqft,8 out of 8 floors
₹ 50 Lac,₹ 4425,"
3 BHK Apartment
",1130 sqft,4 out of 4 floors
₹ 50.8 Lac,₹ 3391,"
3 BHK Apartment
",1498 sqft,3 out of 4 floors
₹ 45 Lac,₹ 3920,"
2 BHK Apartment
",1148 sqft,1 out of 4 floors
₹ 75 Lac,0,"
2 BHK Apartment
",800 sqft,3 out of 5 floors
₹ 73 Lac,0,"
3 BHK Apartment
",1150 sqft,1 out of 19 floors
₹ 29 Lac,0,"
2 BHK Apartment
",760 sqft,3 out of 4 floors
₹ 19 Lac,0,"
2 BHK Apartment
",890 sqft,2 out of 3 floors
₹ 88.8 Lac,₹ 4914,"
4 BHK Builder Floor
",1806 sqft,2 out of 4 floors
₹ 87 Lac,₹ 6882,"
3 BHK Apartment
",1264 sqft,7 out of 27 floors
₹ 27.5 Lac,0,"
2 BHK Apartment
",480 sqft,1 out of 14 floors
₹ 55 Lac,₹ 2895,"
4 BHK Apartment
",1900 sqft,4 out of 4 floors
₹ 38 Lac,0,"
2 BHK Apartment
",765 sqft,3 out of 4 floors
₹ 50 Lac,0,"
3 BHK Apartment
",770 sqft,1 out of 6 floors
₹ 50 Lac,0,"
2 BHK Apartment
",1203 sqft,3 out of 18 floors
₹ 48 Lac,0,"
2 BHK Apartment
",672 sqft,2 out of 25 floors
₹ 45 Lac,₹ 4500,"
2 BHK Builder Floor
",1000 sqft,1 out of 3 floors
₹ 55 Lac,₹ 5500,"
2 BHK Apartment
",1000 sqft,3 out of 4 floors
₹ 55 Lac,₹ 3604,"
3 BHK Apartment
",1526 sqft,Ground out of 4 floors
₹ 50 Lac,0,"
2 BHK Builder Floor
",799 sqft,2 out of 4 floors
₹ 25 Lac,0,"
2 BHK Apartment
",700 sqft,3 out of 3 floors
₹ 65 Lac,0,"
3 BHK Apartment
",886 sqft,7 out of 15 floors
₹ 43 Lac,0,"
3 BHK Builder Floor
",808 sqft,3 out of 3 floors
₹ 75 Lac,0,"
2 BHK Apartment
",1076 sqft,5 out of 11 floors
₹ 47 Lac,0,"
3 BHK Apartment
",935 sqft,1 out of 5 floors
₹ 45 Lac,0,"
2 BHK Apartment
",612 sqft,1 out of 9 floors
₹ 33 Lac,₹ 4411,"
2 BHK Builder Floor
",748 sqft,1 out of 3 floors
₹ 35 Lac,0,"
2 BHK Apartment
",690 sqft,3 out of 3 floors
₹ 42 Lac,0,"
2 BHK Apartment
",893 sqft,8 out of 13 floors
₹ 90 Lac,₹ 5241,"
3 BHK Apartment
",1717 sqft,3 out of 10 floors
₹ 26.5 Lac,0,"
2 BHK Apartment
",703 sqft,4 out of 4 floors
₹ 72 Lac,0,"
3 BHK Apartment
",999 sqft,3 out of 3 floors
₹ 25.2 Lac,0,"
2 BHK Apartment
",643 sqft,2 out of 2 floors
₹ 50 Lac,0,"
3 BHK Apartment
",1019 sqft,3 out of 5 floors
₹ 33 Lac,0,"
3 BHK Apartment
",668 sqft,2 out of 6 floors
₹ 42 Lac,0,"
2 BHK Apartment
",748 sqft,3 out of 3 floors
₹ 82 Lac,0,"
2 BHK Apartment
",935 sqft,3 out of 4 floors
₹ 32 Lac,0,"
2 BHK Apartment
",866 sqft,1 out of 5 floors
₹ 88 Lac,0,"
3 BHK Apartment
",1150 sqft,7 out of 8 floors
₹ 31.5 Lac,0,"
2 BHK Apartment
",780 sqft,Ground out of 3 floors
₹ 52 Lac,0,"
2 BHK Apartment
",751 sqft,3 out of 3 floors
₹ 54 Lac,₹ 5696,"
2 BHK Apartment
",948 sqft,7 out of 14 floors
₹ 62 Lac,0,"
2 BHK Builder Floor
",900 sqft,3 out of 3 floors
₹ 34 Lac,0,"
2 BHK Apartment
",836 sqft,2 out of 3 floors
₹ 20 Lac,₹ 3105,"
2 BHK Apartment
",644 sqft,4 out of 4 floors
₹ 55 Lac,0,"
3 BHK Apartment
",1100 sqft,2 out of 3 floors
₹ 57 Lac,₹ 5429,"
2 BHK Apartment
",1050 sqft,4 out of 4 floors
₹ 72 Lac,0,"
3 BHK Apartment
",1082 sqft,1 out of 5 floors
₹ 18 Lac,0,"
2 BHK Apartment
",686 sqft,Ground out of 4 floors
₹ 34 Lac,₹ 3757,"
2 BHK Apartment
",905 sqft,4 out of 4 floors
₹ 28 Lac,0,"
2 BHK Apartment
",546 sqft,4 out of 4 floors
₹ 80 Lac,0,"
2 BHK Apartment
",967 sqft,Ground out of 25 floors
₹ 25 Lac,0,"
2 BHK Apartment
",450 sqft,1 out of 3 floors
₹ 37 Lac,₹ 3978,"
3 BHK Apartment
",930 sqft,3 out of 5 floors
₹ 20 Lac,0,"
2 BHK Apartment
",705 sqft,2 out of 5 floors
₹ 30 Lac,0,"
3 BHK Apartment
",1120 sqft,2 out of 3 floors
₹ 42 Lac,0,"
3 BHK Apartment
",750 sqft,3 out of 4 floors
₹ 27.5 Lac,0,"
2 BHK Apartment
",720 sqft,3 out of 4 floors
₹ 38 Lac,0,"
2 BHK Apartment
",834 sqft,2 out of 4 floors
₹ 90 Lac,0,"
3 BHK Apartment
",1177 sqft,5 out of 7 floors
₹ 32 Lac,0,"
2 BHK Apartment
",550 sqft,4 out of 4 floors
₹ 35 Lac,0,"
2 BHK Apartment
",790 sqft,2 out of 4 floors
₹ 35.1 Lac,₹ 4500,"
2 BHK Apartment
",780 sqft,3 out of 4 floors
₹ 40 Lac,0,"
3 BHK Apartment
",1000 sqft,3 out of 3 floors
₹ 48 Lac,0,"
3 BHK Apartment
",1180 sqft,2 out of 4 floors
₹ 32 Lac,0,"
2 BHK Apartment
",750 sqft,5 out of 5 floors
₹ 80 Lac,0,"
4 BHK Apartment
",1990 sqft,5 out of 6 floors
₹ 40 Lac,0,"
3 BHK Apartment
",898 sqft,4 out of 4 floors
₹ 30 Lac,0,"
3 BHK Apartment
",1051 sqft,8 out of 15 floors
₹ 37 Lac,0,"
2 BHK Builder Floor
",800 sqft,3 out of 5 floors
₹ 32 Lac,0,"
2 BHK Apartment
",757 sqft,3 out of 5 floors
₹ 65 Lac,0,"
3 BHK Apartment
",1095 sqft,4 out of 6 floors
₹ 63 Lac,0,"
3 BHK Apartment
",860 sqft,3 out of 4 floors
₹ 30 Lac,0,"
3 BHK Apartment
",800 sqft,4 out of 5 floors
₹ 16 Lac,0,"
2 BHK Apartment
",607 sqft,3 out of 3 floors
₹ 52 Lac,0,"
3 BHK Apartment
",1100 sqft,3 out of 5 floors
₹ 35 Lac,0,"
3 BHK Apartment
",750 sqft,2 out of 4 floors
₹ 24 Lac,0,"
2 BHK Apartment
",510 sqft,1 out of 5 floors
₹ 25 Lac,0,"
2 BHK Apartment
",751 sqft,4 out of 4 floors
₹ 51 Lac,₹ 4951,"
2 BHK Apartment
",1030 sqft,2 out of 6 floors
₹ 35 Lac,₹ 2917,"
3 BHK Apartment
",1200 sqft,4 out of 4 floors
₹ 22 Lac,₹ 3175,"
2 BHK Apartment
",693 sqft,2 out of 2 floors
₹ 90 Lac,0,"
4 BHK Builder Floor
",1350 sqft,Resale
₹ 25 Lac,₹ 5882,"
1 BHK Apartment
",425 sqft,2 out of 4 floors
₹ 75 Lac,₹ 5682,"
2 BHK Apartment
",1320 sqft,8 out of 18 floors
₹ 46 Lac,₹ 4381,"
2 BHK Apartment
",1050 sqft,2 out of 5 floors
₹ 15 Lac,0,"
1 BHK Apartment
",380 sqft,1 out of 4 floors
₹ 35 Lac,₹ 4861,"
2 BHK Apartment
",720 sqft,3 out of 3 floors
₹ 32 Lac,₹ 3556,"
2 BHK Builder Floor
",900 sqft,3 out of 3 floors
₹ 27 Lac,0,"
2 BHK Apartment
",720 sqft,Ground out of 2 floors
₹ 45 Lac,₹ 5294,"
2 BHK Builder Floor
",850 sqft,Lower Basement out of 4 floors
₹ 23 Lac,0,"
2 BHK Apartment
",571 sqft,1 out of 3 floors
₹ 80 Lac,₹ 4725,"
3 BHK Apartment
",1693 sqft,5 out of 22 floors
₹ 22 Lac,0,"
2 BHK Apartment
",620 sqft,3 out of 4 floors
₹ 46 Lac,0,"
3 BHK Apartment
",1100 sqft,4 out of 6 floors
₹ 27 Lac,₹ 3982,"
2 BHK Apartment
",678 sqft,1 out of 5 floors
₹ 35 Lac,0,"
3 BHK Apartment
",900 sqft,8 out of 11 floors
₹ 60 Lac,₹ 4412,"
3 BHK Apartment
",1360 sqft,2 out of 5 floors
₹ 15 Lac,₹ 2000,"
2 BHK Builder Floor
",750 sqft,5 out of 5 floors
₹ 25 Lac,0,"
2 BHK Apartment
",546 sqft,4 out of 4 floors
₹ 39 Lac,₹ 4414,"
2 BHK Apartment
",940 sqft,1 out of 4 floors
₹ 30 Lac,0,"
2 BHK Apartment
",544 sqft,1 out of 3 floors
₹ 31 Lac,0,"
2 BHK Apartment
",617 sqft,1 out of 3 floors
₹ 56 Lac,0,"
3 BHK Apartment
",1088 sqft,3 out of 4 floors
₹ 55 Lac,₹ 4018,"
3 BHK Apartment
",1369 sqft,2 out of 5 floors
₹ 30 Lac,₹ 3822,"
2 BHK Apartment
",785 sqft,1 out of 4 floors
₹ 31 Lac,0,"
3 BHK Apartment
",475 sqft,3 out of 4 floors
₹ 35 Lac,0,"
2 BHK Apartment
",450 sqft,Ground out of 4 floors
₹ 67 Lac,0,"
3 BHK Apartment
",1148 sqft,7 out of 10 floors
₹ 27.5 Lac,₹ 3666,"
2 BHK Apartment
",750 sqft,10 out of 14 floors
₹ 80.5 Lac,0,"
2 BHK Apartment
",1150 sqft,14 out of 26 floors
₹ 29 Lac,0,"
1 BHK Apartment
",400 sqft,4 out of 4 floors
₹ 48 Lac,0,"
3 BHK Apartment
",1050 sqft,4 out of 11 floors
₹ 85 Lac,0,"
3 BHK Apartment
",1170 sqft,6 out of 15 floors
₹ 90 Lac,₹ 6215,"
3 BHK Apartment
",1448 sqft,9 out of 16 floors
₹ 46 Lac,0,"
3 BHK Apartment
",1002 sqft,3 out of 5 floors
₹ 40 Lac,0,"
3 BHK Apartment
",1050 sqft,2 out of 3 floors
₹ 41 Lac,0,"
3 BHK Builder Floor
",1274 sqft,2 out of 4 floors
₹ 65.9 Lac,0,"
3 BHK Apartment
",1180 sqft,4 out of 9 floors
₹ 28 Lac,0,"
2 BHK Apartment
",595 sqft,3 out of 3 floors
₹ 38 Lac,0,"
2 BHK Apartment
",621 sqft,3 out of 3 floors
₹ 46.8 Lac,0,"
3 BHK Apartment
",942 sqft,4 out of 4 floors
₹ 21 Lac,0,"
2 BHK Apartment
",600 sqft,1 out of 3 floors
₹ 70 Lac,0,"
2 BHK Apartment
",1032 sqft,10 out of 22 floors
₹ 62.8 Lac,0,"
3 BHK Apartment
",1095 sqft,2 out of 3 floors
₹ 69 Lac,₹ 4495,"
3 BHK Apartment
",1535 sqft,11 out of 16 floors
₹ 26.9 Lac,0,"
2 BHK Apartment
",836 sqft,2 out of 5 floors
₹ 72 Lac,₹ 4243,"
3 BHK Apartment
",1697 sqft,14 out of 14 floors
₹ 35 Lac,0,"
2 BHK Apartment
",780 sqft,2 out of 9 floors
₹ 30 Lac,₹ 4054,"
2 BHK Apartment
",740 sqft,Ground out of 3 floors
₹ 74 Lac,₹ 5000,"
3 BHK Apartment
",1480 sqft,9 out of 12 floors
₹ 25 Lac,₹ 3846,"
2 BHK Apartment
",650 sqft,3 out of 5 floors
₹ 45 Lac,0,"
2 BHK Apartment
",720 sqft,1 out of 3 floors
₹ 78 Lac,0,"
3 BHK Apartment
",1050 sqft,2 out of 5 floors
₹ 44 Lac,₹ 4400,"
3 BHK Apartment
",1000 sqft,Ground out of 3 floors
₹ 29.6 Lac,0,"
2 BHK Apartment
",710 sqft,1 out of 5 floors
₹ 32 Lac,₹ 4267,"
2 BHK Apartment
",750 sqft,Ground out of 3 floors
₹ 20 Lac,0,"
2 BHK Apartment
",720 sqft,4 out of 4 floors
₹ 61.4 Lac,0,"
3 BHK Apartment
",1117 sqft,1 out of 3 floors
₹ 85 Lac,₹ 6296,"
3 BHK Apartment
",1350 sqft,2 out of 14 floors
₹ 85 Lac,₹ 4921,"
2 BHK Apartment
",1727 sqft,12 out of 15 floors
₹ 20.5 Lac,0,"
2 BHK Apartment
",650 sqft,3 out of 5 floors
₹ 32 Lac,0,"
2 BHK Apartment
",900 sqft,1 out of 4 floors
₹ 62 Lac,0,"
3 BHK Apartment
",1300 sqft,1 out of 5 floors
₹ 41 Lac,₹ 5571,"
2 BHK Apartment
",736 sqft,7 out of 25 floors
₹ 16.8 Lac,0,"
2 BHK Apartment
",670 sqft,2 out of 5 floors
₹ 29 Lac,0,"
2 BHK Apartment
",630 sqft,3 out of 4 floors
₹ 81.1 Lac,₹ 6453,"
3 BHK Apartment
",1256 sqft,3 out of 12 floors
₹ 39.5 Lac,₹ 3556,"
3 BHK Apartment
",1110 sqft,2 out of 3 floors
₹ 62 Lac,₹ 6746,"
2 BHK Apartment
",919 sqft,7 out of 20 floors
₹ 31 Lac,0,"
2 BHK Apartment
",480 sqft,10 out of 14 floors
₹ 28 Lac,0,"
1 BHK Apartment
",290 sqft,22 out of 25 floors
₹ 85 Lac,₹ 8500,"
2 BHK Apartment
",1000 sqft,1 out of 4 floors
₹ 25.6 Lac,0,"
2 BHK Apartment
",720 sqft,2 out of 4 floors
₹ 77 Lac,0,"
3 BHK Apartment
",1400 sqft,9 out of 27 floors
₹ 88 Lac,₹ 5339,"
3 BHK Apartment
",1648 sqft,7 out of 21 floors
₹ 28 Lac,0,"
2 BHK Apartment
",750 sqft,3 out of 3 floors
₹ 40 Lac,₹ 3777,"
3 BHK Apartment
",1059 sqft,3 out of 4 floors
₹ 24 Lac,0,"
2 BHK Apartment
",600 sqft,1 out of 3 floors
₹ 73 Lac,0,"
3 BHK Apartment
",1150 sqft,1 out of 3 floors
₹ 46 Lac,₹ 4064,"
3 BHK Apartment
",1132 sqft,2 out of 4 floors
₹ 67 Lac,0,"
3 BHK Apartment
",1380 sqft,4 out of 8 floors
₹ 60 Lac,₹ 7211,"
2 BHK Apartment
",832 sqft,5 out of 10 floors
₹ 46.3 Lac,0,"
3 BHK Apartment
",960 sqft,1 out of 4 floors
₹ 80 Lac,0,"
3 BHK Apartment
",1300 sqft,11 out of 21 floors
₹ 24.5 Lac,0,"
2 BHK Apartment
",640 sqft,Ground out of 3 floors
₹ 82.8 Lac,₹ 6100,"
3 BHK Apartment
",1357 sqft,7 out of 24 floors
₹ 75 Lac,0,"
3 BHK Apartment
",1200 sqft,1 out of 5 floors
₹ 90 Lac,₹ 4737,"
4 BHK Apartment
",1900 sqft,1 out of 4 floors
₹ 38 Lac,₹ 4000,"
2 BHK Apartment
",950 sqft,1 out of 3 floors
₹ 62 Lac,0,"
3 BHK Apartment
",1066 sqft,2 out of 5 floors
₹ 72.4 Lac,0,"
3 BHK Apartment
",1563 sqft,3 out of 7 floors
₹ 83.2 Lac,₹ 6500,"
3 BHK Builder Floor
",1280 sqft,7 out of 10 floors
₹ 17 Lac,0,"
1 BHK Apartment
",360 sqft,1 out of 3 floors
₹ 80 Lac,0,"
4 BHK Builder Floor
",1927 sqft,3 out of 4 floors
₹ 32 Lac,0,"
2 BHK Apartment
",676 sqft,1 out of 4 floors
₹ 31 Lac,₹ 4769,"
2 BHK Apartment
",650 sqft,5 out of 14 floors
₹ 55 Lac,0,"
3 BHK Apartment
",950 sqft,4 out of 4 floors
₹ 44.4 Lac,0,"
2 BHK Apartment
",713 sqft,2 out of 5 floors
₹ 70 Lac,0,"
3 BHK Apartment
",1200 sqft,6 out of 15 floors
₹ 74 Lac,0,"
3 BHK Builder Floor
",935 sqft,1 out of 4 floors
₹ 32 Lac,0,"
2 BHK Apartment
",750 sqft,3 out of 3 floors
₹ 41 Lac,0,"
3 BHK Apartment
",800 sqft,2 out of 4 floors
₹ 21.3 Lac,₹ 2550,"
2 BHK Apartment
",837 sqft,3 out of 4 floors
₹ 75 Lac,₹ 5357,"
3 BHK Apartment
",1400 sqft,2 out of 4 floors
₹ 17.5 Lac,0,"
3 BHK Apartment
",468 sqft,Upper Basement out of 5 floors
₹ 18 Lac,₹ 4245,"
1 BHK Apartment
",424 sqft,1 out of 5 floors
₹ 59 Lac,0,"
3 BHK Apartment
",1900 sqft,1 out of 5 floors
₹ 21.5 Lac,0,"
2 BHK Apartment
",485 sqft,2 out of 4 floors
₹ 60 Lac,0,"
4 BHK Apartment
",1176 sqft,3 out of 3 floors
₹ 44.6 Lac,0,"
2 BHK Apartment
",842 sqft,2 out of 4 floors
₹ 58 Lac,0,"
3 BHK Apartment
",1100 sqft,1 out of 4 floors
₹ 35 Lac,0,"
2 BHK Apartment
",633 sqft,2 out of 5 floors
₹ 17.5 Lac,₹ 2182,"
2 BHK Apartment
",802 sqft,4 out of 4 floors
₹ 52 Lac,0,"
2 BHK Apartment
",800 sqft,1 out of 5 floors
₹ 55 Lac,₹ 4351,"
3 BHK Apartment
",1264 sqft,5 out of 11 floors
₹ 18.4 Lac,0,"
2 BHK Apartment
",615 sqft,3 out of 5 floors
₹ 40.3 Lac,₹ 4896,"
2 BHK Apartment
",823 sqft,3 out of 13 floors
₹ 26.3 Lac,0,"
2 BHK Apartment
",480 sqft,4 out of 14 floors
₹ 39.5 Lac,0,"
3 BHK Apartment
",925 sqft,4 out of 4 floors
₹ 25 Lac,0,"
2 BHK Apartment
",604 sqft,2 out of 4 floors
₹ 52 Lac,₹ 4100,"
3 BHK Apartment
",1268 sqft,3 out of 3 floors
₹ 22.9 Lac,0,"
2 BHK Apartment
",646 sqft,4 out of 4 floors
₹ 90 Lac,0,"
3 BHK Apartment
",1320 sqft,25 out of 29 floors
₹ 57.6 Lac,0,"
2 BHK Apartment
",670 sqft,4 out of 10 floors
₹ 42 Lac,0,"
2 BHK Apartment
",715 sqft,4 out of 11 floors
₹ 45 Lac,0,"
2 BHK Apartment
",620 sqft,4 out of 8 floors
₹ 80 Lac,0,"
2 BHK Apartment
",756 sqft,8 out of 18 floors
₹ 60 Lac,0,"
2 BHK Apartment
",800 sqft,2 out of 4 floors
₹ 23 Lac,0,"
2 BHK Apartment
",539 sqft,4 out of 5 floors
₹ 21.9 Lac,₹ 2901,"
2 BHK Apartment
",755 sqft,1 out of 4 floors
₹ 62 Lac,0,"
3 BHK Apartment
",840 sqft,1 out of 3 floors
₹ 36 Lac,0,"
2 BHK Apartment
",600 sqft,1 out of 3 floors
₹ 42 Lac,₹ 4941,"
2 BHK Apartment
",850 sqft,12 out of 17 floors
₹ 35.5 Lac,0,"
2 BHK Apartment
",750 sqft,3 out of 3 floors
₹ 42 Lac,₹ 3231,"
3 BHK Apartment
",1300 sqft,7 out of 14 floors
₹ 60.5 Lac,₹ 5817,"
2 BHK Apartment
",1040 sqft,12 out of 25 floors
₹ 50 Lac,₹ 5555,"
2 BHK Apartment
",900 sqft,2 out of 3 floors
₹ 42 Lac,0,"
2 BHK Apartment
",600 sqft,8 out of 8 floors
₹ 26.5 Lac,₹ 2600,"
3 BHK Apartment
",1019 sqft,3 out of 5 floors
₹ 70 Lac,₹ 5000,"
3 BHK Apartment
",1400 sqft,2 out of 3 floors
₹ 43 Lac,0,"
2 BHK Apartment
",678 sqft,2 out of 5 floors
₹ 78 Lac,0,"
3 BHK Apartment
",1300 sqft,7 out of 25 floors
₹ 56.4 Lac,0,"
3 BHK Apartment
",1110 sqft,1 out of 4 floors
₹ 25 Lac,0,"
2 BHK Apartment
",680 sqft,Ground out of 5 floors
₹ 32 Lac,0,"
2 BHK Apartment
",638 sqft,3 out of 3 floors
₹ 80 Lac,0,"
3 BHK Apartment
",1100 sqft,4 out of 4 floors
₹ 60 Lac,0,"
2 BHK Apartment
",796 sqft,8 out of 10 floors
₹ 34 Lac,0,"
2 BHK Apartment
",585 sqft,2 out of 2 floors
₹ 65 Lac,0,"
3 BHK Apartment
",1232 sqft,4 out of 5 floors
₹ 28.5 Lac,0,"
2 BHK Apartment
",480 sqft,3 out of 14 floors
₹ 86 Lac,0,"
3 BHK Apartment
",1312 sqft,2 out of 7 floors
₹ 62 Lac,₹ 4092,"
3 BHK Apartment
",1515 sqft,3 out of 6 floors
₹ 61 Lac,0,"
2 BHK Apartment
",900 sqft,4 out of 5 floors
₹ 35 Lac,0,"
3 BHK Apartment
",880 sqft,3 out of 3 floors
₹ 45 Lac,₹ 6000,"
2 BHK Apartment
",750 sqft,2 out of 4 floors
₹ 23 Lac,0,"
1 BHK Apartment
",390 sqft,2 out of 11 floors
₹ 26 Lac,0,"
1 BHK Apartment
",400 sqft,2 out of 17 floors
₹ 50 Lac,₹ 4793,"
3 BHK Apartment
",1043 sqft,4 out of 4 floors
₹ 41 Lac,0,"
3 BHK Apartment
",845 sqft,1 out of 6 floors
₹ 42 Lac,₹ 3500,"
3 BHK Apartment
",1200 sqft,2 out of 3 floors
₹ 55 Lac,0,"
2 BHK Apartment
",1125 sqft,1 out of 6 floors
₹ 80 Lac,₹ 4324,"
3 BHK Apartment
",1850 sqft,9 out of 10 floors
₹ 49.4 Lac,0,"
3 BHK Apartment
",983 sqft,4 out of 5 floors
₹ 62 Lac,₹ 2850,"
3 BHK Apartment
",2175 sqft,1 out of 13 floors
₹ 32 Lac,0,"
2 BHK Apartment
",803 sqft,4 out of 4 floors
₹ 48 Lac,0,"
3 BHK Apartment
",900 sqft,3 out of 5 floors
₹ 62 Lac,0,"
3 BHK Apartment
",1150 sqft,5 out of 6 floors
₹ 38 Lac,0,"
2 BHK Apartment
",650 sqft,3 out of 4 floors
₹ 75 Lac,0,"
3 BHK Apartment
",1360 sqft,4 out of 5 floors
₹ 36 Lac,₹ 3422,"
3 BHK Apartment
",1052 sqft,2 out of 3 floors
₹ 50 Lac,₹ 4065,"
3 BHK Apartment
",1230 sqft,Ground out of 4 floors
₹ 65 Lac,0,"
2 BHK Apartment
",1120 sqft,4 out of 14 floors
₹ 50 Lac,0,"
3 BHK Apartment
",900 sqft,1 out of 3 floors
₹ 75 Lac,₹ 4870,"
3 BHK Apartment
",1540 sqft,7 out of 11 floors
₹ 19.5 Lac,0,"
1 BHK Apartment
",320 sqft,1 out of 4 floors
₹ 35 Lac,0,"
2 BHK Apartment
",725 sqft,2 out of 4 floors
₹ 48 Lac,0,"
2 BHK Apartment
",700 sqft,1 out of 9 floors
₹ 28 Lac,0,"
2 BHK Apartment
",800 sqft,1 out of 3 floors
₹ 21 Lac,₹ 3000,"
2 BHK Apartment
",700 sqft,2 out of 4 floors
₹ 44 Lac,0,"
2 BHK Apartment
",650 sqft,2 out of 3 floors
₹ 24 Lac,₹ 2742,"
2 BHK Apartment
",875 sqft,2 out of 4 floors
₹ 50 Lac,₹ 5555,"
2 BHK Apartment
",900 sqft,2 out of 4 floors
₹ 43 Lac,₹ 4623,"
2 BHK Apartment
",930 sqft,4 out of 5 floors
₹ 21 Lac,0,"
2 BHK Apartment
",750 sqft,2 out of 3 floors
₹ 45.7 Lac,₹ 4299,"
3 BHK Builder Floor
",1063 sqft,1 out of 4 floors
₹ 45 Lac,0,"
3 BHK Apartment
",719 sqft,3 out of 3 floors
₹ 45 Lac,₹ 4849,"
2 BHK Apartment
",928 sqft,7 out of 7 floors
₹ 42 Lac,₹ 44,"
2 BHK Apartment
",975 sqft,3 out of 4 floors
₹ 26 Lac,0,"
2 BHK Apartment
",630 sqft,2 out of 4 floors
₹ 33 Lac,₹ 2910,"
3 BHK Apartment
",1134 sqft,4 out of 4 floors
₹ 21 Lac,₹ 2500,"
3 BHK Apartment
",838 sqft,4 out of 4 floors
₹ 21.5 Lac,0,"
1 BHK Apartment
",435 sqft,3 out of 4 floors
₹ 40 Lac,0,"
2 BHK Builder Floor
",845 sqft,Ground out of 3 floors
₹ 42.7 Lac,0,"
2 BHK Apartment
",850 sqft,11 out of 14 floors
₹ 50 Lac,₹ 3658,"
3 BHK Apartment
",1367 sqft,3 out of 4 floors
₹ 28 Lac,0,"
2 BHK Apartment
",643 sqft,3 out of 3 floors
₹ 50 Lac,0,"
2 BHK Apartment
",700 sqft,3 out of 4 floors
₹ 26.9 Lac,0,"
2 BHK Apartment
",690 sqft,6 out of 7 floors
₹ 30 Lac,0,"
2 BHK Apartment
",733 sqft,4 out of 5 floors
₹ 90 Lac,₹ 6860,"
3 BHK Apartment
",1312 sqft,1 out of 14 floors
₹ 46 Lac,0,"
2 BHK Apartment
",954 sqft,1 out of 4 floors
₹ 33 Lac,0,"
2 BHK Apartment
",600 sqft,7 out of 14 floors
₹ 89.6 Lac,0,"
3 BHK Apartment
",1290 sqft,4 out of 21 floors
₹ 20 Lac,0,"
1 BHK Apartment
",400 sqft,2 out of 4 floors
₹ 61 Lac,0,"
3 BHK Apartment
",1100 sqft,3 out of 23 floors
₹ 50 Lac,0,"
3 BHK Apartment
",957 sqft,7 out of 11 floors
₹ 25 Lac,₹ 3102,"
2 BHK Apartment
",806 sqft,2 out of 5 floors
₹ 56 Lac,₹ 4232,"
3 BHK Apartment
",1323 sqft,8 out of 11 floors
₹ 55 Lac,₹ 3928,"
3 BHK Apartment
",1400 sqft,2 out of 4 floors
₹ 34.5 Lac,0,"
2 BHK Apartment
",560 sqft,2 out of 2 floors
₹ 35 Lac,0,"
2 BHK Apartment
",835 sqft,14 out of 14 floors
₹ 52 Lac,₹ 3782,"
3 BHK Apartment
",1375 sqft,5 out of 5 floors
₹ 28 Lac,0,"
3 BHK Apartment
",720 sqft,1 out of 4 floors
₹ 53 Lac,0,"
3 BHK Apartment
",976 sqft,3 out of 4 floors
₹ 90 Lac,0,"
3 BHK Apartment
",1063 sqft,Ground out of 4 floors
₹ 24 Lac,0,"
2 BHK Apartment
",606 sqft,6 out of 14 floors
₹ 58 Lac,0,"
2 BHK Apartment
",680 sqft,6 out of 19 floors
₹ 45 Lac,0,"
3 BHK Builder Floor
",965 sqft,Ground out of 3 floors
₹ 87 Lac,0,"
3 BHK Apartment
",1252 sqft,1 out of 5 floors
₹ 88 Lac,₹ 7040,"
3 BHK Apartment
",1250 sqft,3 out of 4 floors
₹ 70 Lac,0,"
2 BHK Apartment
",1020 sqft,1 out of 5 floors
₹ 22 Lac,₹ 3492,"
2 BHK Apartment
",630 sqft,12 out of 18 floors
₹ 33.3 Lac,0,"
2 BHK Apartment
",720 sqft,2 out of 5 floors
₹ 28 Lac,₹ 3294,"
2 BHK Apartment
",850 sqft,1 out of 4 floors
₹ 53.2 Lac,₹ 6945,"
2 BHK Apartment
",766 sqft,8 out of 9 floors
₹ 27 Lac,0,"
3 BHK Apartment
",808 sqft,Lower Basement out of 4 floors
₹ 39.5 Lac,0,"
2 BHK Apartment
",926 sqft,4 out of 4 floors
₹ 15 Lac,0,"
1 BHK Apartment
",360 sqft,2 out of 2 floors
₹ 15.5 Lac,₹ 2350,"
2 BHK Apartment
",660 sqft,1 out of 2 floors
₹ 17.5 Lac,₹ 4642,"
1 BHK Apartment
",377 sqft,3 out of 4 floors
₹ 19.5 Lac,₹ 2352,"
2 BHK Apartment
",829 sqft,3 out of 3 floors
₹ 89 Lac,₹ 5562,"
3 BHK Apartment
",1600 sqft,5 out of 6 floors
₹ 49 Lac,₹ 3907,"
3 BHK Apartment
",1254 sqft,6 out of 20 floors
₹ 30 Lac,₹ 3484,"
2 BHK Apartment
",861 sqft,2 out of 4 floors
₹ 34 Lac,0,"
2 BHK Apartment
",890 sqft,3 out of 4 floors
₹ 85 Lac,₹ 5400,"
3 BHK Apartment
",1574 sqft,6 out of 22 floors
₹ 70 Lac,0,"
Studio Apartment
",670 sqft,Ground out of 5 floors
₹ 26 Lac,0,"
2 BHK Apartment
",745 sqft,2 out of 4 floors
₹ 28 Lac,0,"
2 BHK Apartment
",964 sqft,3 out of 4 floors
₹ 32 Lac,0,"
2 BHK Builder Floor
",714 sqft,1 out of 4 floors
₹ 30 Lac,0,"
2 BHK Apartment
",800 sqft,1 out of 4 floors
₹ 28 Lac,0,"
2 BHK Apartment
",807 sqft,3 out of 6 floors
₹ 40 Lac,0,"
2 BHK Apartment
",850 sqft,2 out of 3 floors
₹ 33 Lac,0,"
2 BHK Apartment
",753 sqft,4 out of 8 floors
₹ 29.5 Lac,0,"
3 BHK Builder Floor
",955 sqft,1 out of 4 floors
₹ 22 Lac,0,"
2 BHK Apartment
",604 sqft,4 out of 4 floors
₹ 34 Lac,0,"
2 BHK Apartment
",840 sqft,2 out of 3 floors
₹ 52.5 Lac,0,"
3 BHK Apartment
",771 sqft,2 out of 10 floors
₹ 36 Lac,0,"
3 BHK Apartment
",1012 sqft,1 out of 4 floors
₹ 85 Lac,0,"
3 BHK Apartment
",1200 sqft,4 out of 4 floors
₹ 22.5 Lac,0,"
2 BHK Apartment
",638 sqft,3 out of 4 floors
₹ 78 Lac,0,"
3 BHK Apartment
",1200 sqft,2 out of 16 floors
₹ 27.6 Lac,₹ 3450,"
2 BHK Apartment
",800 sqft,3 out of 4 floors
₹ 33 Lac,₹ 4400,"
2 BHK Apartment
",750 sqft,2 out of 3 floors
₹ 62 Lac,0,"
3 BHK Apartment
",1358 sqft,11 out of 11 floors
₹ 28 Lac,0,"
2 BHK Apartment
",575 sqft,2 out of 3 floors
₹ 50 Lac,0,"
3 BHK Apartment
",920 sqft,2 out of 4 floors
₹ 80 Lac,0,"
2 BHK Apartment
",1052 sqft,3 out of 14 floors
₹ 42.5 Lac,0,"
2 BHK Apartment
",740 sqft,1 out of 5 floors
₹ 44 Lac,0,"
3 BHK Apartment
",856 sqft,4 out of 4 floors
₹ 75 Lac,0,"
2 BHK Apartment
",740 sqft,1 out of 11 floors
₹ 75 Lac,0,"
3 BHK Apartment
",1070 sqft,2 out of 15 floors
₹ 25 Lac,0,"
2 BHK Apartment
",600 sqft,3 out of 5 floors
₹ 27 Lac,0,"
2 BHK Apartment
",765 sqft,Ground out of 4 floors
₹ 48 Lac,0,"
3 BHK Apartment
",847 sqft,2 out of 3 floors
₹ 25 Lac,0,"
3 BHK Apartment
",950 sqft,Ground out of 3 floors
₹ 16 Lac,0,"
2 BHK Apartment
",425 sqft,Ground out of 4 floors
₹ 20 Lac,₹ 3636,"
1 BHK Apartment
",550 sqft,Ground out of 2 floors
₹ 25.9 Lac,0,"
2 BHK Apartment
",571 sqft,Ground out of 3 floors
₹ 26 Lac,0,"
2 BHK Apartment
",595 sqft,1 out of 3 floors
₹ 24 Lac,0,"
2 BHK Apartment
",770 sqft,2 out of 4 floors
₹ 23 Lac,0,"
2 BHK Apartment
",495 sqft,2 out of 2 floors
₹ 16.5 Lac,0,"
2 BHK Apartment
",553 sqft,Ground out of 3 floors
₹ 83 Lac,0,"
3 BHK Apartment
",1258 sqft,4 out of 4 floors
₹ 70 Lac,₹ 5220,"
3 BHK Apartment
",1341 sqft,5 out of 5 floors
₹ 41 Lac,0,"
2 BHK Apartment
",900 sqft,5 out of 5 floors
₹ 25 Lac,0,"
2 BHK Apartment
",485 sqft,1 out of 3 floors
₹ 20 Lac,₹ 2353,"
2 BHK Apartment
",850 sqft,1 out of 4 floors
₹ 44.3 Lac,₹ 4650,"
2 BHK Apartment
",953 sqft,3 out of 4 floors
₹ 37 Lac,0,"
2 BHK Builder Floor
",850 sqft,4 out of 4 floors
₹ 60 Lac,₹ 5455,"
2 BHK Apartment
",1100 sqft,2 out of 3 floors
₹ 55 Lac,0,"
3 BHK Apartment
",1000 sqft,3 out of 4 floors
₹ 49 Lac,0,"
2 BHK Apartment
",800 sqft,3 out of 4 floors
₹ 45 Lac,0,"
2 BHK Apartment
",700 sqft,8 out of 10 floors
₹ 75 Lac,₹ 5556,"
2 BHK Apartment
",1350 sqft,2 out of 3 floors
₹ 20 Lac,0,"
2 BHK Apartment
",560 sqft,1 out of 4 floors
₹ 51 Lac,₹ 5604,"
2 BHK Builder Floor
",910 sqft,1 out of 3 floors
₹ 65 Lac,0,"
3 BHK Apartment
",1104 sqft,3 out of 3 floors
₹ 22 Lac,₹ 5288,"
1 BHK Apartment
",416 sqft,2 out of 4 floors
₹ 32 Lac,₹ 3950,"
2 BHK Apartment
",810 sqft,2 out of 3 floors
₹ 28 Lac,0,"
2 BHK Apartment
",712 sqft,3 out of 5 floors
₹ 71 Lac,0,"
4 BHK Builder Floor
",1341 sqft,3 out of 3 floors
₹ 50 Lac,₹ 4545,"
2 BHK Apartment
",1100 sqft,3 out of 4 floors
₹ 85 Lac,0,"
3 BHK Apartment
",1153 sqft,2 out of 5 floors
₹ 85 Lac,0,"
3 BHK Apartment
",1028 sqft,5 out of 6 floors
₹ 45 Lac,0,"
3 BHK Apartment
",1233 sqft,9 out of 14 floors
₹ 69 Lac,0,"
2 BHK Apartment
",910 sqft,2 out of 3 floors
₹ 40 Lac,0,"
2 BHK Apartment
",760 sqft,1 out of 3 floors
₹ 19 Lac,0,"
1 BHK Apartment
",366 sqft,3 out of 3 floors
₹ 35 Lac,0,"
3 BHK Apartment
",1000 sqft,4 out of 4 floors
₹ 63 Lac,0,"
3 BHK Apartment
",920 sqft,4 out of 5 floors
₹ 89 Lac,₹ 6129,"
3 BHK Apartment
",1452 sqft,13 out of 15 floors
₹ 70 Lac,0,"
3 BHK Apartment
",970 sqft,4 out of 6 floors
₹ 22.5 Lac,0,"
2 BHK Apartment
",712 sqft,12 out of 19 floors
₹ 69 Lac,0,"
3 BHK Apartment
",1120 sqft,2 out of 19 floors
₹ 16.5 Lac,0,"
2 BHK Apartment
",468 sqft,2 out of 3 floors
₹ 30 Lac,0,"
2 BHK Apartment
",723 sqft,9 out of 15 floors
₹ 54 Lac,0,"
3 BHK Apartment
",900 sqft,4 out of 4 floors
₹ 37 Lac,0,"
3 BHK Apartment
",745 sqft,2 out of 4 floors
₹ 55 Lac,0,"
3 BHK Apartment
",1000 sqft,2 out of 4 floors
₹ 24 Lac,0,"
2 BHK Apartment
",553 sqft,2 out of 2 floors
₹ 80 Lac,0,"
3 BHK Apartment
",1020 sqft,2 out of 3 floors
₹ 60 Lac,0,"
3 BHK Apartment
",900 sqft,3 out of 4 floors
₹ 54 Lac,0,"
3 BHK Apartment
",1202 sqft,3 out of 5 floors
₹ 37 Lac,0,"
2 BHK Apartment
",675 sqft,3 out of 5 floors
₹ 40 Lac,0,"
3 BHK Apartment
",848 sqft,2 out of 5 floors
₹ 40 Lac,0,"
2 BHK Apartment
",800 sqft,4 out of 4 floors
₹ 45 Lac,0,"
2 BHK Apartment
",844 sqft,Ground out of 5 floors
₹ 45 Lac,0,"
3 BHK Apartment
",981 sqft,5 out of 5 floors
₹ 32 Lac,0,"
3 BHK Apartment
",977 sqft,2 out of 4 floors
₹ 45 Lac,0,"
3 BHK Apartment
",1212 sqft,3 out of 5 floors
₹ 21 Lac,0,"
2 BHK Apartment
",349 sqft,Ground out of 3 floors
₹ 49.5 Lac,0,"
3 BHK Apartment
",1314 sqft,4 out of 5 floors
₹ 32 Lac,0,"
3 BHK Apartment
",808 sqft,Ground out of 3 floors
₹ 90 Lac,0,"
2 BHK Apartment
",985 sqft,10 out of 10 floors
₹ 29 Lac,0,"
3 BHK Apartment
",935 sqft,3 out of 3 floors
₹ 38 Lac,0,"
2 BHK Apartment
",680 sqft,3 out of 3 floors
₹ 23 Lac,₹ 3239,"
2 BHK Apartment
",710 sqft,2 out of 5 floors
₹ 20 Lac,0,"
1 BHK Apartment
",408 sqft,2 out of 6 floors
₹ 38 Lac,₹ 4810,"
2 BHK Apartment
",790 sqft,1 out of 5 floors
₹ 28.5 Lac,₹ 3111,"
3 BHK Apartment
",916 sqft,4 out of 7 floors
₹ 40 Lac,0,"
3 BHK Apartment
",1125 sqft,6 out of 16 floors
₹ 30 Lac,₹ 2962,"
3 BHK Apartment
",1013 sqft,11 out of 12 floors
₹ 25.5 Lac,0,"
2 BHK Builder Floor
",630 sqft,2 out of 3 floors
₹ 45 Lac,0,"
2 BHK Apartment
",778 sqft,Ground out of 6 floors
₹ 16 Lac,₹ 2837,"
2 BHK Apartment
",564 sqft,2 out of 2 floors
₹ 22 Lac,0,"
1 BHK Apartment
",300 sqft,Ground out of 4 floors
₹ 47 Lac,₹ 4433,"
3 BHK Apartment
",1060 sqft,5 out of 8 floors
₹ 40 Lac,₹ 6033,"
2 BHK Apartment
",663 sqft,2 out of 3 floors
₹ 33 Lac,0,"
2 BHK Apartment
",950 sqft,2 out of 5 floors
₹ 25 Lac,0,"
2 BHK Apartment
",450 sqft,2 out of 3 floors
₹ 82 Lac,₹ 5836,"
3 BHK Apartment
",1405 sqft,2 out of 4 floors
₹ 50 Lac,₹ 4425,"
3 BHK Apartment
",1130 sqft,4 out of 4 floors
₹ 48 Lac,₹ 4729,"
2 BHK Apartment
",1015 sqft,3 out of 3 floors
₹ 32 Lac,₹ 6095,"
2 BHK Builder Floor
",525 sqft,Ground out of 5 floors
₹ 46 Lac,0,"
3 BHK Apartment
",900 sqft,3 out of 3 floors
₹ 41.2 Lac,₹ 3916,"
2 BHK Apartment
",1052 sqft,3 out of 11 floors
₹ 27 Lac,₹ 3792,"
2 BHK Apartment
",712 sqft,1 out of 28 floors
₹ 83 Lac,0,"
3 BHK Apartment
",1373 sqft,7 out of 11 floors
₹ 52 Lac,0,"
2 BHK Builder Floor
",700 sqft,1 out of 4 floors
₹ 15 Lac,0,"
1 BHK Apartment
",550 sqft,Ground out of 6 floors
₹ 24 Lac,₹ 3840,"
2 BHK Apartment
",625 sqft,1 out of 2 floors
₹ 80 Lac,0,"
3 BHK Apartment
",1700 sqft,2 out of 18 floors
₹ 56 Lac,₹ 4225,"
3 BHK Apartment
",1325 sqft,4 out of 6 floors
₹ 50 Lac,0,"
2 BHK Apartment
",1028 sqft,2 out of 3 floors
₹ 36 Lac,0,"
3 BHK Apartment
",919 sqft,Ground out of 7 floors
₹ 34 Lac,0,"
3 BHK Builder Floor
",893 sqft,Ground out of 3 floors
₹ 23 Lac,0,"
2 BHK Apartment
",768 sqft,1 out of 5 floors
₹ 28 Lac,0,"
2 BHK Apartment
",553 sqft,1 out of 4 floors
₹ 16.5 Lac,₹ 2952,"
2 BHK Apartment
",559 sqft,2 out of 3 floors
₹ 65 Lac,0,"
3 BHK Apartment
",950 sqft,2 out of 2 floors
₹ 25 Lac,0,"
3 BHK Apartment
",1100 sqft,4 out of 4 floors
₹ 68 Lac,0,"
3 BHK Penthouse
",2050 sqft,2 out of 2 floors
₹ 23.4 Lac,0,"
2 BHK Apartment
",425 sqft,Ground out of 19 floors
₹ 60 Lac,₹ 4777,"
3 BHK Apartment
",1256 sqft,5 out of 10 floors
₹ 20.8 Lac,₹ 2600,"
2 BHK Apartment
",800 sqft,4 out of 5 floors
₹ 64 Lac,₹ 4200,"
3 BHK Apartment
",1523 sqft,New Property
₹ 55.2 Lac,₹ 4572,"
3 BHK Apartment
",1208 sqft,3 out of 5 floors
₹ 31.7 Lac,0,"
2 BHK Apartment
",898 sqft,New Property
₹ 85.2 Lac,₹ 6936,"
3 BHK Apartment
",1228 sqft,New Property
₹ 30.2 Lac,₹ 3350,"
2 BHK Apartment
",901 sqft,1 out of 5 floors
₹ 87.5 Lac,₹ 7193,"
3 BHK Apartment
",1216 sqft,1 out of 6 floors
₹ 31.7 Lac,₹ 3850,"
2 BHK Apartment
",823 sqft,New Property
₹ 33.5 Lac,₹ 3000,"
3 BHK Apartment
",1115 sqft,New Property
₹ 55 Lac,₹ 4497,"
3 BHK Apartment
",1223 sqft,New Property
₹ 22.5 Lac,₹ 2799,"
2 BHK Apartment
",804 sqft,1 out of 4 floors
₹ 27.7 Lac,₹ 2900,"
3 BHK Apartment
",956 sqft,New Property
₹ 26.4 Lac,₹ 2400,"
3 BHK Apartment
",1100 sqft,1 out of 4 floors
₹ 39.5 Lac,₹ 3350,"
3 BHK Apartment
",1180 sqft,4 out of 4 floors
₹ 25.1 Lac,₹ 3149,"
2 BHK Apartment
",797 sqft,New Property
₹ 35.8 Lac,0,"
3 BHK Apartment
",900 sqft,3 out of 4 floors
₹ 42 Lac,0,"
3 BHK Apartment
",830 sqft,3 out of 4 floors
₹ 24.4 Lac,₹ 2639,"
2 BHK Apartment
",925 sqft,New Property
₹ 29 Lac,₹ 3250,"
2 BHK Apartment
",891 sqft,New Property
₹ 87 Lac,0,"
3 BHK Apartment
",1007 sqft,18 out of 21 floors
₹ 38.5 Lac,₹ 4052,"
2 BHK Apartment
",950 sqft,1 out of 14 floors
₹ 35.8 Lac,₹ 4813,"
2 BHK Apartment
",744 sqft,2 out of 6 floors
₹ 32 Lac,₹ 3478,"
2 BHK Apartment
",920 sqft,1 out of 3 floors
₹ 30.5 Lac,₹ 2800,"
3 BHK Apartment
",1088 sqft,Unfurnished
₹ 29.4 Lac,₹ 3187,"
3 BHK Apartment
",922 sqft,New Property
₹ 32 Lac,₹ 2766,"
3 BHK Apartment
",1157 sqft,New Property
₹ 38.7 Lac,₹ 3300,"
3 BHK Apartment
",1172 sqft,3 out of 5 floors
₹ 60 Lac,0,"
3 BHK Apartment
",950 sqft,3 out of 4 floors
₹ 40 Lac,0,"
2 BHK Apartment
",670 sqft,3 out of 8 floors
₹ 19 Lac,0,"
2 BHK Apartment
",708 sqft,3 out of 3 floors
₹ 22 Lac,0,"
2 BHK Apartment
",411 sqft,12 out of 18 floors
₹ 43 Lac,₹ 3723,"
3 BHK Apartment
",1155 sqft,3 out of 3 floors
₹ 60 Lac,₹ 4979,"
3 BHK Apartment
",1205 sqft,2 out of 6 floors
₹ 77 Lac,₹ 4537,"
3 BHK Apartment
",1697 sqft,11 out of 15 floors
₹ 16.5 Lac,0,"
2 BHK Apartment
",500 sqft,3 out of 3 floors
₹ 75 Lac,₹ 5172,"
3 BHK Apartment
",1450 sqft,7 out of 7 floors
₹ 62.7 Lac,₹ 5500,"
3 BHK Apartment
",1140 sqft,3 out of 4 floors
₹ 27 Lac,0,"
2 BHK Apartment
",664 sqft,3 out of 3 floors
₹ 75 Lac,0,"
3 BHK Apartment
",1200 sqft,Lower Basement out of 16 floors
₹ 25 Lac,0,"
2 BHK Apartment
",580 sqft,3 out of 4 floors
₹ 63 Lac,0,"
3 BHK Apartment
",996 sqft,4 out of 4 floors
₹ 33.9 Lac,₹ 3400,"
2 BHK Apartment
",996 sqft,1 out of 3 floors
₹ 35 Lac,₹ 4375,"
2 BHK Apartment
",800 sqft,1 out of 3 floors
₹ 70 Lac,₹ 5691,"
3 BHK Apartment
",1230 sqft,3 out of 4 floors
₹ 22.7 Lac,0,"
1 BHK Apartment
",520 sqft,1 out of 4 floors
₹ 65 Lac,₹ 4483,"
3 BHK Apartment
",1450 sqft,3 out of 4 floors
₹ 48.8 Lac,0,"
3 BHK Apartment
",900 sqft,3 out of 4 floors
₹ 78 Lac,0,"
3 BHK Apartment
",1100 sqft,10 out of 14 floors
₹ 34 Lac,0,"
2 BHK Builder Floor
",900 sqft,3 out of 4 floors
₹ 47.2 Lac,₹ 4600,"
3 BHK Apartment
",1025 sqft,3 out of 4 floors
₹ 34 Lac,0,"
2 BHK Builder Floor
",950 sqft,2 out of 4 floors
₹ 32 Lac,₹ 4571,"
2 BHK Apartment
",700 sqft,2 out of 4 floors
₹ 16.5 Lac,0,"
2 BHK Apartment
",500 sqft,1 out of 3 floors
₹ 66 Lac,0,"
3 BHK Apartment
",1210 sqft,2 out of 8 floors
₹ 52 Lac,0,"
3 BHK Builder Floor
",900 sqft,2 out of 2 floors
₹ 45 Lac,0,"
3 BHK Apartment
",1100 sqft,1 out of 7 floors
₹ 22 Lac,₹ 3056,"
2 BHK Apartment
",720 sqft,Ground out of 4 floors
₹ 40 Lac,₹ 3902,"
3 BHK Apartment
",1025 sqft,1 out of 3 floors
₹ 35.4 Lac,0,"
3 BHK Apartment
",744 sqft,3 out of 4 floors
₹ 68 Lac,₹ 4892,"
4 BHK Apartment
",1390 sqft,5 out of 12 floors
₹ 40.8 Lac,₹ 2599,"
4 BHK Apartment
",1570 sqft,3 out of 5 floors
₹ 33 Lac,₹ 3928,"
3 BHK Apartment
",840 sqft,10 out of 16 floors
₹ 60 Lac,₹ 7059,"
2 BHK Apartment
",850 sqft,5 out of 12 floors
₹ 85 Lac,0,"
3 BHK Apartment
",1 sqft,3 out of 4 floors
₹ 55 Lac,₹ 5027,"
2 BHK Apartment
",1094 sqft,2 out of 14 floors
₹ 18.3 Lac,₹ 2700,"
2 BHK Apartment
",678 sqft,2 out of 3 floors
₹ 27.5 Lac,0,"
2 BHK Apartment
",485 sqft,14 out of 14 floors
₹ 80 Lac,0,"
3 BHK Apartment
",1050 sqft,5 out of 7 floors
₹ 85 Lac,0,"
3 BHK Apartment
",1200 sqft,6 out of 8 floors
₹ 23.8 Lac,0,"
2 BHK Apartment
",565 sqft,2 out of 3 floors
₹ 33.8 Lac,0,"
2 BHK Apartment
",800 sqft,2 out of 5 floors
₹ 75 Lac,₹ 6372,"
3 BHK Apartment
",1177 sqft,Ground out of 8 floors
₹ 22 Lac,₹ 3667,"
Studio Apartment
",600 sqft,7 out of 10 floors
₹ 40 Lac,0,"
2 BHK Apartment
",780 sqft,6 out of 12 floors
₹ 27.7 Lac,0,"
2 BHK Apartment
",750 sqft,5 out of 11 floors
₹ 15.8 Lac,0,"
1 BHK Apartment
",338 sqft,3 out of 6 floors
₹ 73 Lac,₹ 6636,"
2 BHK Apartment
",1100 sqft,5 out of 24 floors
₹ 44 Lac,₹ 3308,"
3 BHK Apartment
",1330 sqft,2 out of 3 floors
₹ 19 Lac,₹ 2589,"
2 BHK Apartment
",734 sqft,5 out of 8 floors
₹ 27 Lac,₹ 3000,"
3 BHK Apartment
",900 sqft,3 out of 3 floors
₹ 45 Lac,₹ 4407,"
2 BHK Apartment
",1021 sqft,3 out of 5 floors
₹ 75 Lac,₹ 4054,"
3 BHK Apartment
",1850 sqft,3 out of 6 floors
₹ 37.2 Lac,0,"
2 BHK Apartment
",690 sqft,4 out of 4 floors
₹ 57 Lac,₹ 5956,"
2 BHK Apartment
",957 sqft,14 out of 15 floors
₹ 59 Lac,0,"
3 BHK Apartment
",1010 sqft,1 out of 3 floors
₹ 35 Lac,0,"
3 BHK Apartment
",1250 sqft,8 out of 15 floors
₹ 74.9 Lac,₹ 5500,"
3 BHK Apartment
",1361 sqft,1 out of 7 floors
₹ 35 Lac,0,"
3 BHK Apartment
",1001 sqft,2 out of 3 floors
₹ 83 Lac,0,"
4 BHK Apartment
",1260 sqft,2 out of 6 floors
₹ 75 Lac,₹ 5085,"
3 BHK Apartment
",1475 sqft,4 out of 5 floors
₹ 56.3 Lac,₹ 5800,"
2 BHK Apartment
",970 sqft,3 out of 4 floors
₹ 60 Lac,0,"
3 BHK Apartment
",1250 sqft,1 out of 4 floors
₹ 21 Lac,₹ 3360,"
2 BHK Apartment
",625 sqft,2 out of 6 floors
₹ 35 Lac,0,"
2 BHK Apartment
",620 sqft,Ground out of 4 floors
₹ 42 Lac,0,"
2 BHK Apartment
",880 sqft,2 out of 3 floors
₹ 46 Lac,0,"
3 BHK Apartment
",910 sqft,5 out of 6 floors
₹ 75 Lac,0,"
3 BHK Apartment
",1350 sqft,9 out of 14 floors
₹ 25 Lac,0,"
2 BHK Apartment
",624 sqft,3 out of 3 floors
₹ 43 Lac,₹ 4163,"
2 BHK Apartment
",1033 sqft,1 out of 3 floors
₹ 21 Lac,0,"
2 BHK Apartment
",750 sqft,1 out of 3 floors
₹ 68 Lac,₹ 6182,"
2 BHK Apartment
",1100 sqft,3 out of 4 floors
₹ 50 Lac,0,"
2 BHK Apartment
",808 sqft,14 out of 14 floors
₹ 45 Lac,₹ 6429,"
2 BHK Apartment
",700 sqft,1 out of 3 floors
₹ 65 Lac,₹ 5142,"
2 BHK Apartment
",946 sqft,6 out of 20 floors
₹ 45 Lac,0,"
3 BHK Apartment
",960 sqft,1 out of 4 floors
₹ 34 Lac,₹ 3863,"
2 BHK Apartment
",880 sqft,4 out of 15 floors
₹ 75 Lac,₹ 5376,"
3 BHK Apartment
",1395 sqft,13 out of 20 floors
₹ 82 Lac,0,"
3 BHK Apartment
",1100 sqft,8 out of 11 floors
₹ 32 Lac,0,"
2 BHK Apartment
",600 sqft,3 out of 3 floors
₹ 32 Lac,₹ 3712,"
2 BHK Apartment
",862 sqft,1 out of 3 floors
₹ 55 Lac,₹ 4661,"
3 BHK Apartment
",1180 sqft,2 out of 3 floors
₹ 42 Lac,₹ 4516,"
2 BHK Apartment
",930 sqft,5 out of 5 floors
₹ 59 Lac,0,"
3 BHK Apartment
",995 sqft,4 out of 6 floors
₹ 90 Lac,0,"
3 BHK Apartment
",1100 sqft,3 out of 4 floors
₹ 72 Lac,0,"
3 BHK Apartment
",1280 sqft,1 out of 4 floors
₹ 68 Lac,0,"
3 BHK Apartment
",1450 sqft,3 out of 4 floors
₹ 40 Lac,0,"
2 BHK Apartment
",555 sqft,3 out of 14 floors
₹ 67 Lac,₹ 6381,"
3 BHK Apartment
",1050 sqft,10 out of 13 floors
₹ 73 Lac,₹ 7073,"
2 BHK Apartment
",1032 sqft,15 out of 20 floors
₹ 68 Lac,₹ 4690,"
3 BHK Apartment
",1450 sqft,6 out of 6 floors
₹ 85 Lac,0,"
2 BHK Apartment
",1000 sqft,2 out of 11 floors
₹ 42 Lac,0,"
2 BHK Apartment
",850 sqft,1 out of 4 floors
₹ 45 Lac,0,"
2 BHK Apartment
",680 sqft,1 out of 3 floors
₹ 64 Lac,₹ 4942,"
3 BHK Apartment
",1295 sqft,1 out of 23 floors
₹ 63.4 Lac,₹ 6129,"
3 BHK Apartment
",1035 sqft,5 out of 12 floors
₹ 32 Lac,₹ 4923,"
2 BHK Apartment
",650 sqft,6 out of 14 floors
₹ 90 Lac,₹ 7500,"
2 BHK Apartment
",1200 sqft,2 out of 18 floors
₹ 68 Lac,₹ 5470,"
2 BHK Apartment
",1243 sqft,10 out of 24 floors
₹ 66.5 Lac,0,"
3 BHK Apartment
",1011 sqft,7 out of 18 floors
₹ 90 Lac,0,"
3 BHK Apartment
",1500 sqft,14 out of 24 floors
₹ 36 Lac,0,"
2 BHK Apartment
",900 sqft,4 out of 8 floors
₹ 46.2 Lac,0,"
2 BHK Apartment
",527 sqft,2 out of 12 floors
₹ 39 Lac,0,"
3 BHK Apartment
",708 sqft,15 out of 15 floors
₹ 21.2 Lac,₹ 3000,"
2 BHK Apartment
",705 sqft,2 out of 5 floors
₹ 25.5 Lac,₹ 4932,"
1 BHK Apartment
",517 sqft,5 out of 11 floors
₹ 31 Lac,0,"
2 BHK Apartment
",775 sqft,4 out of 4 floors
₹ 80 Lac,₹ 5315,"
3 BHK Apartment
",1505 sqft,15 out of 25 floors
₹ 74 Lac,0,"
3 BHK Apartment
",1225 sqft,9 out of 10 floors
₹ 22 Lac,₹ 4022,"
1 BHK Apartment
",547 sqft,Ground out of 3 floors
₹ 70 Lac,0,"
3 BHK Apartment
",1280 sqft,4 out of 14 floors
₹ 56 Lac,₹ 4590,"
2 BHK Apartment
",1220 sqft,5 out of 6 floors
₹ 75 Lac,0,"
3 BHK Apartment
",1300 sqft,4 out of 5 floors
₹ 32 Lac,₹ 4129,"
2 BHK Apartment
",775 sqft,4 out of 4 floors
₹ 16.5 Lac,0,"
2 BHK Apartment
",480 sqft,4 out of 5 floors
₹ 40 Lac,₹ 4145,"
2 BHK Apartment
",965 sqft,2 out of 4 floors
₹ 23.8 Lac,0,"
2 BHK Apartment
",550 sqft,5 out of 5 floors
₹ 50 Lac,0,"
2 BHK Apartment
",1150 sqft,1 out of 3 floors
₹ 30 Lac,0,"
2 BHK Apartment
",776 sqft,5 out of 6 floors
₹ 85 Lac,0,"
3 BHK Apartment
",1300 sqft,2 out of 5 floors
₹ 43 Lac,₹ 5375,"
2 BHK Apartment
",800 sqft,4 out of 4 floors
₹ 40 Lac,0,"
2 BHK Apartment
",850 sqft,3 out of 7 floors
₹ 34 Lac,0,"
2 BHK Apartment
",810 sqft,5 out of 5 floors
₹ 35 Lac,0,"
2 BHK Apartment
",720 sqft,3 out of 3 floors
₹ 27.9 Lac,0,"
2 BHK Apartment
",653 sqft,3 out of 5 floors
₹ 55 Lac,0,"
3 BHK Apartment
",1400 sqft,2 out of 3 floors
₹ 70 Lac,0,"
3 BHK Apartment
",1000 sqft,2 out of 3 floors
₹ 18 Lac,0,"
2 BHK Apartment
",762 sqft,3 out of 5 floors
₹ 30 Lac,0,"
2 BHK Apartment
",550 sqft,7 out of 14 floors
₹ 40 Lac,0,"
2 BHK Apartment
",750 sqft,1 out of 6 floors
₹ 45 Lac,₹ 5294,"
2 BHK Apartment
",850 sqft,4 out of 5 floors
₹ 90 Lac,0,"
3 BHK Apartment
",1464 sqft,6 out of 20 floors
₹ 85 Lac,₹ 5090,"
3 BHK Apartment
",1670 sqft,3 out of 5 floors
₹ 29 Lac,0,"
2 BHK Apartment
",650 sqft,1 out of 3 floors
₹ 73 Lac,₹ 4740,"
3 BHK Apartment
",1540 sqft,5 out of 11 floors
₹ 30 Lac,0,"
2 BHK Apartment
",648 sqft,2 out of 4 floors
₹ 46 Lac,0,"
3 BHK Apartment
",1100 sqft,3 out of 5 floors
₹ 70 Lac,0,"
2 BHK Apartment
",900 sqft,2 out of 4 floors
₹ 26 Lac,0,"
2 BHK Apartment
",680 sqft,2 out of 2 floors
₹ 59 Lac,₹ 4332,"
3 BHK Apartment
",1362 sqft,3 out of 4 floors
₹ 32.8 Lac,0,"
2 BHK Apartment
",480 sqft,11 out of 14 floors
₹ 35 Lac,0,"
2 BHK Builder Floor
",700 sqft,4 out of 4 floors
₹ 27 Lac,0,"
2 BHK Apartment
",1200 sqft,4 out of 4 floors
₹ 25 Lac,₹ 3067,"
2 BHK Apartment
",815 sqft,2 out of 3 floors
₹ 24 Lac,₹ 3288,"
2 BHK Apartment
",730 sqft,2 out of 3 floors
₹ 22 Lac,₹ 2887,"
2 BHK Apartment
",762 sqft,2 out of 5 floors
₹ 32 Lac,₹ 3734,"
2 BHK Apartment
",857 sqft,3 out of 4 floors
₹ 25 Lac,0,"
1 BHK Apartment
",430 sqft,14 out of 17 floors
₹ 46 Lac,₹ 4039,"
3 BHK Apartment
",1139 sqft,6 out of 6 floors
₹ 85 Lac,₹ 7083,"
2 BHK Apartment
",1200 sqft,5 out of 7 floors
₹ 27 Lac,0,"
2 BHK Apartment
",740 sqft,3 out of 4 floors
₹ 27 Lac,₹ 5625,"
2 BHK Apartment
",480 sqft,12 out of 14 floors
₹ 32 Lac,0,"
1 BHK Apartment
",532 sqft,4 out of 15 floors
₹ 75 Lac,₹ 6818,"
2 BHK Apartment
",1100 sqft,2 out of 2 floors
₹ 70 Lac,0,"
3 BHK Apartment
",1000 sqft,2 out of 2 floors
₹ 21 Lac,0,"
2 BHK Apartment
",900 sqft,4 out of 4 floors
₹ 60 Lac,₹ 2927,"
5 BHK Apartment
",2050 sqft,4 out of 5 floors
₹ 51 Lac,₹ 4359,"
3 BHK Apartment
",1170 sqft,3 out of 3 floors
₹ 67 Lac,₹ 5403,"
2 BHK Apartment
",1240 sqft,5 out of 14 floors
₹ 40 Lac,₹ 5926,"
2 BHK Apartment
",675 sqft,5 out of 6 floors
₹ 50 Lac,0,"
2 BHK Apartment
",1010 sqft,3 out of 5 floors
₹ 17 Lac,0,"
1 BHK Apartment
",440 sqft,1 out of 3 floors
₹ 21.6 Lac,0,"
2 BHK Apartment
",728 sqft,3 out of 4 floors
₹ 20 Lac,0,"
3 BHK Builder Floor
",850 sqft,3 out of 3 floors
₹ 45 Lac,₹ 4451,"
2 BHK Apartment
",1011 sqft,5 out of 17 floors
₹ 25 Lac,₹ 3243,"
2 BHK Apartment
",771 sqft,5 out of 7 floors
₹ 50 Lac,0,"
3 BHK Builder Floor
",1295 sqft,2 out of 5 floors
₹ 55 Lac,0,"
2 BHK Apartment
",778 sqft,4 out of 4 floors
₹ 70 Lac,₹ 6211,"
2 BHK Apartment
",1127 sqft,1 out of 3 floors
₹ 30 Lac,₹ 3816,"
2 BHK Apartment
",786 sqft,4 out of 4 floors
₹ 68.5 Lac,₹ 5245,"
3 BHK Apartment
",1306 sqft,1 out of 12 floors
₹ 90 Lac,0,"
3 BHK Apartment
",2000 sqft,2 out of 3 floors
₹ 28.3 Lac,₹ 3800,"
2 BHK Apartment
",746 sqft,1 out of 3 floors
₹ 80 Lac,0,"
2 BHK Apartment
",690 sqft,4 out of 4 floors
₹ 50 Lac,0,"
2 BHK Apartment
",719 sqft,2 out of 3 floors
₹ 75 Lac,0,"
3 BHK Apartment
",1600 sqft,2 out of 4 floors
₹ 35 Lac,0,"
2 BHK Apartment
",750 sqft,3 out of 3 floors
₹ 63 Lac,0,"
3 BHK Apartment
",1280 sqft,10 out of 12 floors
₹ 46 Lac,0,"
3 BHK Builder Floor
",970 sqft,4 out of 4 floors
₹ 35 Lac,0,"
3 BHK Apartment
",900 sqft,2 out of 5 floors
₹ 79 Lac,0,"
2 BHK Apartment
",880 sqft,4 out of 5 floors
₹ 60 Lac,0,"
3 BHK Apartment
",1150 sqft,3 out of 5 floors
₹ 37 Lac,₹ 4507,"
2 BHK Apartment
",821 sqft,3 out of 4 floors
₹ 48 Lac,₹ 4324,"
3 BHK Apartment
",1110 sqft,2 out of 6 floors
₹ 55 Lac,0,"
3 BHK Apartment
",975 sqft,3 out of 3 floors
₹ 60 Lac,₹ 6000,"
2 BHK Apartment
",1000 sqft,3 out of 4 floors
₹ 45 Lac,0,"
2 BHK Apartment
",700 sqft,3 out of 5 floors
₹ 34 Lac,₹ 3400,"
2 BHK Apartment
",1000 sqft,4 out of 4 floors
₹ 21 Lac,0,"
2 BHK Apartment
",840 sqft,3 out of 3 floors
₹ 30 Lac,₹ 4000,"
2 BHK Apartment
",750 sqft,3 out of 5 floors
₹ 34 Lac,₹ 3778,"
2 BHK Apartment
",900 sqft,2 out of 5 floors
₹ 55 Lac,0,"
2 BHK Apartment
",736 sqft,2 out of 3 floors
₹ 52.4 Lac,₹ 5634,"
2 BHK Apartment
",930 sqft,Ground out of 1 floor
₹ 24 Lac,₹ 2658,"
2 BHK Apartment
",903 sqft,2 out of 3 floors
₹ 25 Lac,₹ 2941,"
2 BHK Apartment
",850 sqft,Resale
₹ 32 Lac,₹ 4210,"
2 BHK Builder Floor
",760 sqft,3 out of 4 floors
₹ 23 Lac,0,"
2 BHK Apartment
",765 sqft,4 out of 4 floors
₹ 32.8 Lac,0,"
2 BHK Apartment
",570 sqft,2 out of 5 floors
₹ 26 Lac,0,"
2 BHK Apartment
",700 sqft,2 out of 3 floors
₹ 55 Lac,0,"
2 BHK Apartment
",800 sqft,1 out of 5 floors
₹ 30 Lac,0,"
2 BHK Apartment
",750 sqft,2 out of 3 floors
₹ 32 Lac,0,"
1 BHK Apartment
",425 sqft,4 out of 5 floors
₹ 45 Lac,0,"
2 BHK Apartment
",850 sqft,2 out of 3 floors
₹ 23 Lac,₹ 6166,"
1 BHK Apartment
",373 sqft,Ground out of 6 floors
₹ 47.5 Lac,0,"
2 BHK Apartment
",800 sqft,4 out of 5 floors
₹ 76.1 Lac,0,"
3 BHK Apartment
",1231 sqft,4 out of 5 floors
₹ 26 Lac,₹ 3299,"
2 BHK Apartment
",788 sqft,2 out of 4 floors
₹ 63 Lac,0,"
3 BHK Apartment
",983 sqft,2 out of 4 floors
₹ 33 Lac,0,"
2 BHK Apartment
",630 sqft,3 out of 4 floors
₹ 24 Lac,₹ 3692,"
2 BHK Apartment
",650 sqft,Ground out of 4 floors
₹ 30 Lac,₹ 4615,"
1 BHK Apartment
",650 sqft,4 out of 5 floors
₹ 31 Lac,₹ 4851,"
2 BHK Apartment
",639 sqft,1 out of 4 floors
₹ 35 Lac,₹ 2800,"
3 BHK Apartment
",1250 sqft,1 out of 3 floors
₹ 42.5 Lac,0,"
2 BHK Apartment
",730 sqft,2 out of 5 floors
₹ 33 Lac,0,"
3 BHK Apartment
",1000 sqft,3 out of 4 floors
₹ 35 Lac,₹ 3084,"
3 BHK Builder Floor
",1135 sqft,3 out of 4 floors
₹ 26 Lac,₹ 3714,"
2 BHK Apartment
",700 sqft,4 out of 4 floors
₹ 22 Lac,₹ 3152,"
2 BHK Apartment
",698 sqft,6 out of 7 floors
₹ 24 Lac,₹ 3175,"
2 BHK Builder Floor
",756 sqft,2 out of 3 floors
₹ 26.5 Lac,₹ 3118,"
2 BHK Builder Floor
",850 sqft,3 out of 5 floors
₹ 30 Lac,0,"
2 BHK Apartment
",715 sqft,Ground out of 5 floors
₹ 24 Lac,0,"
1 BHK Apartment
",532 sqft,1 out of 17 floors
₹ 25 Lac,₹ 3333,"
2 BHK Apartment
",750 sqft,Ground out of 3 floors
₹ 27 Lac,₹ 2789,"
2 BHK Apartment
",968 sqft,3 out of 4 floors
₹ 30 Lac,0,"
3 BHK Apartment
",700 sqft,3 out of 4 floors
₹ 21.2 Lac,₹ 3000,"
2 BHK Apartment
",705 sqft,3 out of 3 floors
₹ 32 Lac,0,"
2 BHK Apartment
",690 sqft,1 out of 4 floors
₹ 70 Lac,₹ 6903,"
3 BHK Builder Floor
",1014 sqft,4 out of 5 floors
₹ 35 Lac,₹ 2666,"
3 BHK Apartment
",1313 sqft,4 out of 4 floors
₹ 48 Lac,0,"
3 BHK Apartment
",1270 sqft,1 out of 4 floors
₹ 31 Lac,₹ 3196,"
3 BHK Apartment
",970 sqft,14 out of 14 floors
₹ 25 Lac,₹ 3511,"
2 BHK Apartment
",712 sqft,10 out of 14 floors
₹ 40 Lac,₹ 5168,"
2 BHK Apartment
",774 sqft,1 out of 4 floors
₹ 30 Lac,₹ 3529,"
2 BHK Apartment
",850 sqft,4 out of 4 floors
₹ 34 Lac,0,"
2 BHK Apartment
",912 sqft,3 out of 3 floors
₹ 70 Lac,0,"
3 BHK Apartment
",1768 sqft,1 out of 3 floors
₹ 90 Lac,0,"
3 BHK Apartment
",1500 sqft,1 out of 4 floors
₹ 36 Lac,0,"
3 BHK Apartment
",951 sqft,1 out of 7 floors
₹ 69 Lac,₹ 4759,"
3 BHK Apartment
",1450 sqft,4 out of 5 floors
₹ 37 Lac,0,"
2 BHK Apartment
",980 sqft,Ground out of 4 floors
₹ 30 Lac,₹ 3529,"
2 BHK Apartment
",850 sqft,11 out of 14 floors
₹ 45 Lac,₹ 4091,"
3 BHK Apartment
",1100 sqft,9 out of 11 floors
₹ 42.8 Lac,0,"
2 BHK Apartment
",870 sqft,9 out of 12 floors
₹ 86.4 Lac,₹ 5581,"
3 BHK Apartment
",1548 sqft,4 out of 10 floors
₹ 80 Lac,₹ 4926,"
3 BHK Apartment
",1624 sqft,7 out of 14 floors
₹ 60 Lac,₹ 4000,"
3 BHK Builder Floor
",1500 sqft,3 out of 6 floors
₹ 70 Lac,₹ 5426,"
3 BHK Apartment
",1290 sqft,1 out of 4 floors
₹ 28 Lac,₹ 3684,"
2 BHK Apartment
",760 sqft,1 out of 4 floors
₹ 48 Lac,₹ 4908,"
2 BHK Apartment
",978 sqft,1 out of 2 floors
₹ 70.3 Lac,₹ 4822,"
4 BHK Apartment
",1458 sqft,1 out of 3 floors
₹ 22 Lac,0,"
2 BHK Apartment
",790 sqft,3 out of 3 floors
₹ 32 Lac,0,"
2 BHK Apartment
",510 sqft,1 out of 4 floors
₹ 28 Lac,0,"
2 BHK Apartment
",704 sqft,2 out of 3 floors
₹ 32 Lac,0,"
2 BHK Apartment
",950 sqft,2 out of 4 floors
₹ 58 Lac,₹ 6423,"
2 BHK Apartment
",903 sqft,7 out of 10 floors
₹ 40 Lac,0,"
3 BHK Apartment
",1000 sqft,1 out of 8 floors
₹ 21 Lac,0,"
2 BHK Apartment
",550 sqft,4 out of 7 floors
₹ 35 Lac,0,"
2 BHK Apartment
",810 sqft,3 out of 4 floors
₹ 30 Lac,0,"
3 BHK Apartment
",1115 sqft,5 out of 5 floors
₹ 40 Lac,₹ 3540,"
3 BHK Builder Floor
",1130 sqft,1 out of 4 floors
₹ 18.5 Lac,₹ 3814,"
1 BHK Apartment
",485 sqft,2 out of 3 floors
₹ 42 Lac,0,"
2 BHK Apartment
",849 sqft,1 out of 4 floors
₹ 34.5 Lac,₹ 3000,"
3 BHK Apartment
",1150 sqft,1 out of 4 floors
₹ 67 Lac,0,"
1 BHK Apartment
",570 sqft,14 out of 14 floors
₹ 27 Lac,₹ 3719,"
2 BHK Apartment
",726 sqft,1 out of 3 floors
₹ 47.5 Lac,₹ 3593,"
3 BHK Apartment
",1322 sqft,5 out of 15 floors
₹ 75 Lac,₹ 4502,"
3 BHK Apartment
",1666 sqft,4 out of 4 floors
₹ 21 Lac,0,"
2 BHK Apartment
",750 sqft,4 out of 5 floors
₹ 20.9 Lac,₹ 2900,"
2 BHK Apartment
",722 sqft,Unfurnished
₹ 40 Lac,₹ 4831,"
2 BHK Apartment
",828 sqft,4 out of 4 floors
₹ 50 Lac,0,"
3 BHK Apartment
",1216 sqft,1 out of 4 floors
₹ 60 Lac,0,"
3 BHK Apartment
",1200 sqft,2 out of 6 floors
₹ 22 Lac,0,"
2 BHK Apartment
",687 sqft,4 out of 5 floors
₹ 25 Lac,0,"
3 BHK Apartment
",833 sqft,Ground out of 3 floors
₹ 35 Lac,0,"
2 BHK Apartment
",850 sqft,3 out of 4 floors
₹ 38 Lac,0,"
3 BHK Builder Floor
",1380 sqft,3 out of 5 floors
₹ 57 Lac,₹ 5577,"
2 BHK Apartment
",1022 sqft,1 out of 4 floors
₹ 21 Lac,0,"
2 BHK Apartment
",530 sqft,Ground out of 4 floors
₹ 23 Lac,₹ 2556,"
3 BHK Apartment
",900 sqft,2 out of 5 floors
₹ 23 Lac,0,"
2 BHK Apartment
",725 sqft,5 out of 5 floors
₹ 16.5 Lac,0,"
1 BHK Apartment
",400 sqft,4 out of 4 floors
₹ 32 Lac,0,"
3 BHK Builder Floor
",1000 sqft,2 out of 4 floors
₹ 32 Lac,0,"
3 BHK Apartment
",1100 sqft,4 out of 4 floors
₹ 15 Lac,0,"
2 BHK Apartment
",430 sqft,1 out of 2 floors
₹ 30 Lac,₹ 3158,"
2 BHK Apartment
",950 sqft,Ground out of 4 floors
₹ 30 Lac,0,"
2 BHK Apartment
",800 sqft,2 out of 3 floors
₹ 50 Lac,₹ 3571,"
3 BHK Apartment
",1400 sqft,4 out of 6 floors
₹ 31 Lac,₹ 6043,"
Studio Apartment
",513 sqft,20 out of 23 floors
₹ 75 Lac,₹ 6781,"
3 BHK Apartment
",1106 sqft,2 out of 7 floors
₹ 40 Lac,₹ 3157,"
3 BHK Apartment
",1267 sqft,2 out of 4 floors
₹ 52 Lac,₹ 5474,"
2 BHK Apartment
",950 sqft,5 out of 5 floors
₹ 58 Lac,0,"
2 BHK Apartment
",450 sqft,6 out of 26 floors
₹ 46 Lac,0,"
3 BHK Apartment
",1150 sqft,2 out of 4 floors
₹ 87 Lac,0,"
3 BHK Apartment
",722 sqft,Resale
₹ 40 Lac,0,"
3 BHK Apartment
",1206 sqft,3 out of 4 floors
₹ 20 Lac,₹ 4706,"
1 BHK Apartment
",425 sqft,3 out of 4 floors
₹ 68 Lac,0,"
2 BHK Apartment
",900 sqft,3 out of 5 floors
₹ 33 Lac,₹ 3000,"
3 BHK Apartment
",1100 sqft,3 out of 4 floors
₹ 49 Lac,0,"
3 BHK Apartment
",770 sqft,5 out of 5 floors
₹ 23 Lac,0,"
2 BHK Apartment
",700 sqft,2 out of 3 floors
₹ 40 Lac,₹ 3831,"
2 BHK Apartment
",1044 sqft,1 out of 4 floors
₹ 25 Lac,₹ 3968,"
2 BHK Apartment
",630 sqft,2 out of 4 floors
₹ 83 Lac,0,"
3 BHK Apartment
",1250 sqft,6 out of 7 floors
₹ 28 Lac,₹ 4516,"
1 BHK Apartment
",620 sqft,13 out of 14 floors
₹ 35 Lac,₹ 3286,"
2 BHK Apartment
",1065 sqft,4 out of 4 floors
₹ 32 Lac,0,"
2 BHK Apartment
",610 sqft,4 out of 4 floors
₹ 26 Lac,₹ 3714,"
2 BHK Apartment
",700 sqft,Ground out of 3 floors
₹ 16 Lac,₹ 2388,"
2 BHK Apartment
",670 sqft,2 out of 4 floors
₹ 60 Lac,₹ 5217,"
3 BHK Apartment
",1150 sqft,1 out of 3 floors
₹ 32 Lac,0,"
3 BHK Apartment
",1000 sqft,4 out of 4 floors
₹ 40 Lac,₹ 3922,"
2 BHK Apartment
",1020 sqft,3 out of 4 floors
₹ 38 Lac,0,"
1 BHK Apartment
",567 sqft,2 out of 24 floors
₹ 50 Lac,₹ 4950,"
2 BHK Apartment
",1010 sqft,3 out of 5 floors
₹ 44 Lac,0,"
3 BHK Apartment
",900 sqft,4 out of 7 floors
₹ 35 Lac,0,"
2 BHK Apartment
",760 sqft,3 out of 3 floors
₹ 48 Lac,0,"
3 BHK Apartment
",940 sqft,1 out of 4 floors
₹ 55 Lac,0,"
3 BHK Apartment
",1420 sqft,1 out of 3 floors
₹ 80 Lac,0,"
3 BHK Apartment
",1648 sqft,2 out of 5 floors
₹ 50 Lac,₹ 4095,"
3 BHK Apartment
",1221 sqft,4 out of 5 floors
₹ 26 Lac,0,"
2 BHK Apartment
",570 sqft,2 out of 3 floors
₹ 25 Lac,0,"
2 BHK Apartment
",570 sqft,5 out of 14 floors
₹ 28 Lac,0,"
2 BHK Apartment
",640 sqft,2 out of 4 floors
₹ 22 Lac,0,"
2 BHK Apartment
",600 sqft,3 out of 4 floors
₹ 35 Lac,0,"
2 BHK Apartment
",799 sqft,2 out of 4 floors
₹ 26 Lac,0,"
2 BHK Apartment
",705 sqft,4 out of 4 floors
₹ 16 Lac,0,"
2 BHK Apartment
",510 sqft,1 out of 4 floors
₹ 79 Lac,0,"
3 BHK Apartment
",1200 sqft,3 out of 4 floors
₹ 35 Lac,₹ 4227,"
2 BHK Builder Floor
",828 sqft,3 out of 4 floors
₹ 32 Lac,₹ 3764,"
2 BHK Apartment
",850 sqft,4 out of 4 floors
₹ 25.5 Lac,₹ 3400,"
2 BHK Apartment
",750 sqft,3 out of 3 floors
₹ 37 Lac,₹ 3756,"
2 BHK Apartment
",985 sqft,4 out of 5 floors
₹ 27 Lac,0,"
2 BHK Apartment
",700 sqft,4 out of 4 floors
₹ 62.5 Lac,0,"
3 BHK Apartment
",800 sqft,Ground out of 5 floors
₹ 75 Lac,0,"
3 BHK Apartment
",950 sqft,3 out of 16 floors
₹ 50 Lac,0,"
3 BHK Apartment
",920 sqft,4 out of 7 floors
₹ 28 Lac,0,"
2 BHK Apartment
",540 sqft,2 out of 2 floors
₹ 54 Lac,0,"
3 BHK Apartment
",1050 sqft,5 out of 7 floors
₹ 60 Lac,0,"
3 BHK Apartment
",1036 sqft,11 out of 11 floors
₹ 61 Lac,0,"
3 BHK Builder Floor
",980 sqft,1 out of 4 floors
